id,date,time,hour,weekday,steps,HR,intensity
49,2022-02-04,2022-02-04T08:00:00Z,8,Fri,0,90,0
49,2022-02-04,2022-02-04T08:01:00Z,8,Fri,0,92,0
49,2022-02-04,2022-02-04T08:02:00Z,8,Fri,0,94,0
49,2022-02-04,2022-02-04T08:03:00Z,8,Fri,0,90,0
49,2022-02-04,2022-02-04T08:04:00Z,8,Fri,0,97,0
49,2022-02-04,2022-02-04T08:05:00Z,8,Fri,0,95,0
49,2022-02-04,2022-02-04T08:06:00Z,8,Fri,0,91,0
49,2022-02-04,2022-02-04T08:07:00Z,8,Fri,0,89,0
49,2022-02-04,2022-02-04T08:08:00Z,8,Fri,0,90,0
49,2022-02-04,2022-02-04T08:09:00Z,8,Fri,0,94,0
49,2022-02-04,2022-02-04T08:10:00Z,8,Fri,0,93,0
49,2022-02-04,2022-02-04T08:11:00Z,8,Fri,0,89,0
49,2022-02-04,2022-02-04T08:12:00Z,8,Fri,0,90,0
49,2022-02-04,2022-02-04T08:13:00Z,8,Fri,0,90,0
49,2022-02-04,2022-02-04T08:14:00Z,8,Fri,0,90,0
49,2022-02-04,2022-02-04T08:15:00Z,8,Fri,0,92,0
49,2022-02-04,2022-02-04T08:16:00Z,8,Fri,0,89,0
49,2022-02-04,2022-02-04T08:17:00Z,8,Fri,0,91,0
49,2022-02-04,2022-02-04T08:18:00Z,8,Fri,0,95,0
49,2022-02-04,2022-02-04T08:19:00Z,8,Fri,0,89,0
49,2022-02-04,2022-02-04T08:20:00Z,8,Fri,0,93,0
49,2022-02-04,2022-02-04T08:21:00Z,8,Fri,0,89,0
49,2022-02-04,2022-02-04T08:22:00Z,8,Fri,0,91,0
49,2022-02-04,2022-02-04T08:23:00Z,8,Fri,0,91,0
49,2022-02-04,2022-02-04T08:24:00Z,8,Fri,0,93,0
49,2022-02-04,2022-02-04T08:25:00Z,8,Fri,0,102,0
49,2022-02-04,2022-02-04T08:26:00Z,8,Fri,0,94,0
49,2022-02-04,2022-02-04T08:27:00Z,8,Fri,0,97,0
49,2022-02-04,2022-02-04T08:28:00Z,8,Fri,0,101,0
49,2022-02-04,2022-02-04T08:29:00Z,8,Fri,0,89,0
49,2022-02-04,2022-02-04T08:30:00Z,8,Fri,0,88,0
49,2022-02-04,2022-02-04T08:31:00Z,8,Fri,0,92,0
49,2022-02-04,2022-02-04T08:32:00Z,8,Fri,0,90,0
49,2022-02-04,2022-02-04T08:33:00Z,8,Fri,0,91,0
49,2022-02-04,2022-02-04T08:34:00Z,8,Fri,0,95,0
49,2022-02-04,2022-02-04T08:35:00Z,8,Fri,0,100,0
49,2022-02-04,2022-02-04T08:36:00Z,8,Fri,0,90,0
49,2022-02-04,2022-02-04T08:37:00Z,8,Fri,0,90,0
49,2022-02-04,2022-02-04T08:38:00Z,8,Fri,0,107,0
49,2022-02-04,2022-02-04T08:39:00Z,8,Fri,0,104,0
49,2022-02-04,2022-02-04T08:40:00Z,8,Fri,0,98,0
49,2022-02-04,2022-02-04T08:41:00Z,8,Fri,0,104,0
49,2022-02-04,2022-02-04T08:42:00Z,8,Fri,0,99,0
49,2022-02-04,2022-02-04T08:43:00Z,8,Fri,0,93,0
49,2022-02-04,2022-02-04T08:44:00Z,8,Fri,0,98,0
49,2022-02-04,2022-02-04T08:45:00Z,8,Fri,0,97,0
49,2022-02-04,2022-02-04T08:46:00Z,8,Fri,0,108,0
49,2022-02-04,2022-02-04T08:47:00Z,8,Fri,0,103,0
49,2022-02-04,2022-02-04T08:48:00Z,8,Fri,0,106,0
49,2022-02-04,2022-02-04T08:49:00Z,8,Fri,0,107,0
49,2022-02-04,2022-02-04T08:50:00Z,8,Fri,0,106,0
49,2022-02-04,2022-02-04T08:51:00Z,8,Fri,0,131,1
49,2022-02-04,2022-02-04T08:52:00Z,8,Fri,0,128,0
49,2022-02-04,2022-02-04T08:53:00Z,8,Fri,0,118,0
49,2022-02-04,2022-02-04T08:54:00Z,8,Fri,0,109,0
49,2022-02-04,2022-02-04T08:55:00Z,8,Fri,0,98,0
49,2022-02-04,2022-02-04T08:56:00Z,8,Fri,0,96,0
49,2022-02-04,2022-02-04T08:57:00Z,8,Fri,0,100,0
49,2022-02-04,2022-02-04T08:58:00Z,8,Fri,0,104,0
49,2022-02-04,2022-02-04T08:59:00Z,8,Fri,0,104,0
49,2022-02-04,2022-02-04T09:00:00Z,9,Fri,0,99,0
49,2022-02-04,2022-02-04T09:01:00Z,9,Fri,0,95,0
49,2022-02-04,2022-02-04T09:02:00Z,9,Fri,0,97,0
49,2022-02-04,2022-02-04T09:03:00Z,9,Fri,0,97,0
49,2022-02-04,2022-02-04T09:04:00Z,9,Fri,0,100,0
49,2022-02-04,2022-02-04T09:05:00Z,9,Fri,0,98,0
49,2022-02-04,2022-02-04T09:06:00Z,9,Fri,0,99,0
49,2022-02-04,2022-02-04T09:07:00Z,9,Fri,0,98,0
49,2022-02-04,2022-02-04T09:08:00Z,9,Fri,0,98,0
49,2022-02-04,2022-02-04T09:09:00Z,9,Fri,0,97,0
49,2022-02-04,2022-02-04T09:10:00Z,9,Fri,0,97,0
49,2022-02-04,2022-02-04T09:11:00Z,9,Fri,0,98,0
49,2022-02-04,2022-02-04T09:12:00Z,9,Fri,0,97,0
49,2022-02-04,2022-02-04T09:13:00Z,9,Fri,0,103,0
49,2022-02-04,2022-02-04T09:14:00Z,9,Fri,0,96,0
49,2022-02-04,2022-02-04T09:15:00Z,9,Fri,0,97,0
49,2022-02-04,2022-02-04T09:16:00Z,9,Fri,0,95,0
49,2022-02-04,2022-02-04T09:17:00Z,9,Fri,0,92,0
49,2022-02-04,2022-02-04T09:18:00Z,9,Fri,0,98,0
49,2022-02-04,2022-02-04T09:19:00Z,9,Fri,0,94,0
49,2022-02-04,2022-02-04T09:20:00Z,9,Fri,0,96,0
49,2022-02-04,2022-02-04T09:21:00Z,9,Fri,0,93,0
49,2022-02-04,2022-02-04T09:22:00Z,9,Fri,0,92,0
49,2022-02-04,2022-02-04T09:23:00Z,9,Fri,0,92,0
49,2022-02-04,2022-02-04T09:24:00Z,9,Fri,0,92,0
49,2022-02-04,2022-02-04T09:25:00Z,9,Fri,0,93,0
49,2022-02-04,2022-02-04T09:26:00Z,9,Fri,0,95,0
49,2022-02-04,2022-02-04T09:27:00Z,9,Fri,0,96,0
49,2022-02-04,2022-02-04T09:28:00Z,9,Fri,0,94,0
49,2022-02-04,2022-02-04T09:29:00Z,9,Fri,0,95,0
49,2022-02-04,2022-02-04T09:30:00Z,9,Fri,0,93,0
49,2022-02-04,2022-02-04T09:31:00Z,9,Fri,0,93,0
49,2022-02-04,2022-02-04T09:32:00Z,9,Fri,0,96,0
49,2022-02-04,2022-02-04T09:33:00Z,9,Fri,0,101,0
49,2022-02-04,2022-02-04T09:34:00Z,9,Fri,0,92,0
49,2022-02-04,2022-02-04T09:35:00Z,9,Fri,0,94,0
49,2022-02-04,2022-02-04T09:36:00Z,9,Fri,0,92,0
49,2022-02-04,2022-02-04T09:37:00Z,9,Fri,0,90,0
49,2022-02-04,2022-02-04T09:38:00Z,9,Fri,0,89,0
49,2022-02-04,2022-02-04T09:39:00Z,9,Fri,0,90,0
49,2022-02-04,2022-02-04T09:40:00Z,9,Fri,0,100,0
49,2022-02-04,2022-02-04T09:41:00Z,9,Fri,0,92,0
49,2022-02-04,2022-02-04T09:42:00Z,9,Fri,0,91,0
49,2022-02-04,2022-02-04T09:43:00Z,9,Fri,0,110,0
49,2022-02-04,2022-02-04T09:44:00Z,9,Fri,0,105,0
49,2022-02-04,2022-02-04T09:45:00Z,9,Fri,0,103,0
49,2022-02-04,2022-02-04T09:46:00Z,9,Fri,0,95,0
49,2022-02-04,2022-02-04T09:47:00Z,9,Fri,0,95,0
49,2022-02-04,2022-02-04T09:48:00Z,9,Fri,0,94,0
49,2022-02-04,2022-02-04T09:49:00Z,9,Fri,0,96,0
49,2022-02-04,2022-02-04T09:50:00Z,9,Fri,0,95,0
49,2022-02-04,2022-02-04T09:51:00Z,9,Fri,0,99,0
49,2022-02-04,2022-02-04T09:52:00Z,9,Fri,0,103,0
49,2022-02-04,2022-02-04T09:53:00Z,9,Fri,0,105,0
49,2022-02-04,2022-02-04T09:54:00Z,9,Fri,0,110,0
49,2022-02-04,2022-02-04T09:55:00Z,9,Fri,0,108,0
49,2022-02-04,2022-02-04T09:56:00Z,9,Fri,0,103,0
49,2022-02-04,2022-02-04T09:57:00Z,9,Fri,0,99,0
49,2022-02-04,2022-02-04T09:58:00Z,9,Fri,0,95,0
49,2022-02-04,2022-02-04T09:59:00Z,9,Fri,0,94,0
49,2022-02-04,2022-02-04T10:00:00Z,10,Fri,0,93,0
49,2022-02-04,2022-02-04T10:01:00Z,10,Fri,0,96,0
49,2022-02-04,2022-02-04T10:02:00Z,10,Fri,0,97,0
49,2022-02-04,2022-02-04T10:03:00Z,10,Fri,0,99,0
49,2022-02-04,2022-02-04T10:04:00Z,10,Fri,0,99,0
49,2022-02-04,2022-02-04T10:05:00Z,10,Fri,0,95,0
49,2022-02-04,2022-02-04T10:06:00Z,10,Fri,0,98,0
49,2022-02-04,2022-02-04T10:07:00Z,10,Fri,0,98,0
49,2022-02-04,2022-02-04T10:08:00Z,10,Fri,0,101,0
49,2022-02-04,2022-02-04T10:09:00Z,10,Fri,0,96,0
49,2022-02-04,2022-02-04T10:10:00Z,10,Fri,0,100,0
49,2022-02-04,2022-02-04T10:11:00Z,10,Fri,0,102,0
49,2022-02-04,2022-02-04T10:12:00Z,10,Fri,0,100,0
49,2022-02-04,2022-02-04T10:13:00Z,10,Fri,0,99,0
49,2022-02-04,2022-02-04T10:14:00Z,10,Fri,0,98,0
49,2022-02-04,2022-02-04T10:15:00Z,10,Fri,0,96,0
49,2022-02-04,2022-02-04T10:16:00Z,10,Fri,0,95,0
49,2022-02-04,2022-02-04T10:17:00Z,10,Fri,0,97,0
49,2022-02-04,2022-02-04T10:18:00Z,10,Fri,0,100,0
49,2022-02-04,2022-02-04T10:19:00Z,10,Fri,0,101,0
49,2022-02-04,2022-02-04T10:20:00Z,10,Fri,0,105,0
49,2022-02-04,2022-02-04T10:21:00Z,10,Fri,0,101,0
49,2022-02-04,2022-02-04T10:22:00Z,10,Fri,0,99,0
49,2022-02-04,2022-02-04T10:23:00Z,10,Fri,0,101,0
49,2022-02-04,2022-02-04T10:24:00Z,10,Fri,0,108,0
49,2022-02-04,2022-02-04T10:25:00Z,10,Fri,0,105,0
49,2022-02-04,2022-02-04T10:26:00Z,10,Fri,0,121,0
49,2022-02-04,2022-02-04T10:27:00Z,10,Fri,0,132,1
49,2022-02-04,2022-02-04T10:28:00Z,10,Fri,0,128,1
49,2022-02-04,2022-02-04T10:29:00Z,10,Fri,0,122,0
49,2022-02-04,2022-02-04T10:30:00Z,10,Fri,0,122,0
49,2022-02-04,2022-02-04T10:31:00Z,10,Fri,0,113,0
49,2022-02-04,2022-02-04T10:32:00Z,10,Fri,0,95,0
49,2022-02-04,2022-02-04T10:33:00Z,10,Fri,0,95,0
49,2022-02-04,2022-02-04T10:34:00Z,10,Fri,0,77,0
49,2022-02-04,2022-02-04T10:35:00Z,10,Fri,0,92,0
49,2022-02-04,2022-02-04T10:36:00Z,10,Fri,0,96,0
49,2022-02-04,2022-02-04T10:37:00Z,10,Fri,0,97,0
49,2022-02-04,2022-02-04T10:38:00Z,10,Fri,0,100,0
49,2022-02-04,2022-02-04T10:39:00Z,10,Fri,0,97,0
49,2022-02-04,2022-02-04T10:40:00Z,10,Fri,0,97,0
49,2022-02-04,2022-02-04T10:41:00Z,10,Fri,0,99,0
49,2022-02-04,2022-02-04T10:42:00Z,10,Fri,0,97,0
49,2022-02-04,2022-02-04T10:43:00Z,10,Fri,0,95,0
49,2022-02-04,2022-02-04T10:44:00Z,10,Fri,0,96,0
49,2022-02-04,2022-02-04T10:45:00Z,10,Fri,0,99,0
49,2022-02-04,2022-02-04T10:46:00Z,10,Fri,0,93,0
49,2022-02-04,2022-02-04T10:47:00Z,10,Fri,0,94,0
49,2022-02-04,2022-02-04T10:48:00Z,10,Fri,0,92,0
49,2022-02-04,2022-02-04T10:49:00Z,10,Fri,0,90,0
49,2022-02-04,2022-02-04T10:50:00Z,10,Fri,0,91,0
49,2022-02-04,2022-02-04T10:51:00Z,10,Fri,0,93,0
49,2022-02-04,2022-02-04T10:52:00Z,10,Fri,0,93,0
49,2022-02-04,2022-02-04T10:53:00Z,10,Fri,0,96,0
49,2022-02-04,2022-02-04T10:54:00Z,10,Fri,0,96,0
49,2022-02-04,2022-02-04T10:55:00Z,10,Fri,0,98,0
49,2022-02-04,2022-02-04T10:56:00Z,10,Fri,0,99,0
49,2022-02-04,2022-02-04T10:57:00Z,10,Fri,0,97,0
49,2022-02-04,2022-02-04T10:58:00Z,10,Fri,0,99,0
49,2022-02-04,2022-02-04T10:59:00Z,10,Fri,0,98,0
49,2022-02-04,2022-02-04T11:00:00Z,11,Fri,0,94,0
49,2022-02-04,2022-02-04T11:01:00Z,11,Fri,0,91,0
49,2022-02-04,2022-02-04T11:02:00Z,11,Fri,0,93,0
49,2022-02-04,2022-02-04T11:03:00Z,11,Fri,0,86,0
49,2022-02-04,2022-02-04T11:04:00Z,11,Fri,0,92,0
49,2022-02-04,2022-02-04T11:05:00Z,11,Fri,0,91,0
49,2022-02-04,2022-02-04T11:06:00Z,11,Fri,0,89,0
49,2022-02-04,2022-02-04T11:07:00Z,11,Fri,0,88,0
49,2022-02-04,2022-02-04T11:08:00Z,11,Fri,0,90,0
49,2022-02-04,2022-02-04T11:09:00Z,11,Fri,0,92,0
49,2022-02-04,2022-02-04T11:10:00Z,11,Fri,0,100,0
49,2022-02-04,2022-02-04T11:11:00Z,11,Fri,0,98,0
49,2022-02-04,2022-02-04T11:12:00Z,11,Fri,0,99,0
49,2022-02-04,2022-02-04T11:13:00Z,11,Fri,0,98,0
49,2022-02-04,2022-02-04T11:14:00Z,11,Fri,0,97,0
49,2022-02-04,2022-02-04T11:15:00Z,11,Fri,0,91,0
49,2022-02-04,2022-02-04T11:16:00Z,11,Fri,0,90,0
49,2022-02-04,2022-02-04T11:17:00Z,11,Fri,0,92,0
49,2022-02-04,2022-02-04T11:18:00Z,11,Fri,0,96,0
49,2022-02-04,2022-02-04T11:19:00Z,11,Fri,0,89,0
49,2022-02-04,2022-02-04T11:20:00Z,11,Fri,0,90,0
49,2022-02-04,2022-02-04T11:21:00Z,11,Fri,0,90,0
49,2022-02-04,2022-02-04T11:22:00Z,11,Fri,0,90,0
49,2022-02-04,2022-02-04T11:23:00Z,11,Fri,0,94,0
49,2022-02-04,2022-02-04T11:24:00Z,11,Fri,0,89,0
49,2022-02-04,2022-02-04T11:25:00Z,11,Fri,0,92,0
49,2022-02-04,2022-02-04T11:26:00Z,11,Fri,0,88,0
49,2022-02-04,2022-02-04T11:27:00Z,11,Fri,0,92,0
49,2022-02-04,2022-02-04T11:28:00Z,11,Fri,0,92,0
49,2022-02-04,2022-02-04T11:29:00Z,11,Fri,0,92,0
49,2022-02-04,2022-02-04T11:30:00Z,11,Fri,0,91,0
49,2022-02-04,2022-02-04T11:31:00Z,11,Fri,0,92,0
49,2022-02-04,2022-02-04T11:32:00Z,11,Fri,0,94,0
49,2022-02-04,2022-02-04T11:33:00Z,11,Fri,0,94,0
49,2022-02-04,2022-02-04T11:34:00Z,11,Fri,0,95,0
49,2022-02-04,2022-02-04T11:35:00Z,11,Fri,0,92,0
49,2022-02-04,2022-02-04T11:36:00Z,11,Fri,0,92,0
49,2022-02-04,2022-02-04T11:37:00Z,11,Fri,0,95,0
49,2022-02-04,2022-02-04T11:38:00Z,11,Fri,0,92,0
49,2022-02-04,2022-02-04T11:39:00Z,11,Fri,0,94,0
49,2022-02-04,2022-02-04T11:40:00Z,11,Fri,0,94,0
49,2022-02-04,2022-02-04T11:41:00Z,11,Fri,0,96,0
49,2022-02-04,2022-02-04T11:42:00Z,11,Fri,0,94,0
49,2022-02-04,2022-02-04T11:43:00Z,11,Fri,0,92,0
49,2022-02-04,2022-02-04T11:44:00Z,11,Fri,0,94,0
49,2022-02-04,2022-02-04T11:45:00Z,11,Fri,0,96,0
49,2022-02-04,2022-02-04T11:46:00Z,11,Fri,0,107,0
49,2022-02-04,2022-02-04T11:47:00Z,11,Fri,0,96,0
49,2022-02-04,2022-02-04T11:48:00Z,11,Fri,0,102,0
49,2022-02-04,2022-02-04T11:49:00Z,11,Fri,0,101,0
49,2022-02-04,2022-02-04T11:50:00Z,11,Fri,0,99,0
49,2022-02-04,2022-02-04T11:51:00Z,11,Fri,0,97,0
49,2022-02-04,2022-02-04T11:52:00Z,11,Fri,0,107,0
49,2022-02-04,2022-02-04T11:53:00Z,11,Fri,0,105,0
49,2022-02-04,2022-02-04T11:54:00Z,11,Fri,0,100,0
49,2022-02-04,2022-02-04T11:55:00Z,11,Fri,0,108,0
49,2022-02-04,2022-02-04T11:56:00Z,11,Fri,0,109,0
49,2022-02-04,2022-02-04T11:57:00Z,11,Fri,0,108,0
49,2022-02-04,2022-02-04T11:58:00Z,11,Fri,0,108,0
49,2022-02-04,2022-02-04T11:59:00Z,11,Fri,0,108,0
49,2022-02-04,2022-02-04T12:00:00Z,12,Fri,0,105,0
49,2022-02-04,2022-02-04T12:01:00Z,12,Fri,0,110,0
49,2022-02-04,2022-02-04T12:02:00Z,12,Fri,0,107,0
49,2022-02-04,2022-02-04T12:03:00Z,12,Fri,0,105,0
49,2022-02-04,2022-02-04T12:04:00Z,12,Fri,0,105,0
49,2022-02-04,2022-02-04T12:05:00Z,12,Fri,0,108,0
49,2022-02-04,2022-02-04T12:06:00Z,12,Fri,0,106,0
49,2022-02-04,2022-02-04T12:07:00Z,12,Fri,0,110,0
49,2022-02-04,2022-02-04T12:08:00Z,12,Fri,0,109,0
49,2022-02-04,2022-02-04T12:09:00Z,12,Fri,0,108,0
49,2022-02-04,2022-02-04T12:10:00Z,12,Fri,0,115,0
49,2022-02-04,2022-02-04T12:11:00Z,12,Fri,0,113,0
49,2022-02-04,2022-02-04T12:12:00Z,12,Fri,0,113,0
49,2022-02-04,2022-02-04T12:13:00Z,12,Fri,0,108,0
49,2022-02-04,2022-02-04T12:14:00Z,12,Fri,0,111,0
49,2022-02-04,2022-02-04T12:15:00Z,12,Fri,0,110,0
49,2022-02-04,2022-02-04T12:16:00Z,12,Fri,0,108,0
49,2022-02-04,2022-02-04T12:17:00Z,12,Fri,0,112,0
49,2022-02-04,2022-02-04T12:18:00Z,12,Fri,0,120,0
49,2022-02-04,2022-02-04T12:19:00Z,12,Fri,0,118,0
49,2022-02-04,2022-02-04T12:20:00Z,12,Fri,0,108,0
49,2022-02-04,2022-02-04T12:21:00Z,12,Fri,0,104,0
49,2022-02-04,2022-02-04T12:22:00Z,12,Fri,0,116,0
49,2022-02-04,2022-02-04T12:23:00Z,12,Fri,18,117,1
49,2022-02-04,2022-02-04T12:24:00Z,12,Fri,82,120,1
49,2022-02-04,2022-02-04T12:25:00Z,12,Fri,75,121,1
49,2022-02-04,2022-02-04T12:26:00Z,12,Fri,65,122,1
49,2022-02-04,2022-02-04T12:27:00Z,12,Fri,0,125,0
49,2022-02-04,2022-02-04T12:28:00Z,12,Fri,71,124,1
49,2022-02-04,2022-02-04T12:29:00Z,12,Fri,8,127,1
49,2022-02-04,2022-02-04T12:30:00Z,12,Fri,27,128,1
49,2022-02-04,2022-02-04T12:31:00Z,12,Fri,0,124,0
49,2022-02-04,2022-02-04T12:32:00Z,12,Fri,30,123,1
49,2022-02-04,2022-02-04T12:33:00Z,12,Fri,1,126,1
49,2022-02-04,2022-02-04T12:34:00Z,12,Fri,7,120,1
49,2022-02-04,2022-02-04T12:35:00Z,12,Fri,79,122,1
49,2022-02-04,2022-02-04T12:36:00Z,12,Fri,18,124,1
49,2022-02-04,2022-02-04T12:37:00Z,12,Fri,0,120,0
49,2022-02-04,2022-02-04T12:38:00Z,12,Fri,0,114,0
49,2022-02-04,2022-02-04T12:39:00Z,12,Fri,0,111,0
49,2022-02-04,2022-02-04T12:40:00Z,12,Fri,0,113,0
49,2022-02-04,2022-02-04T12:41:00Z,12,Fri,0,102,0
49,2022-02-04,2022-02-04T12:42:00Z,12,Fri,0,104,0
49,2022-02-04,2022-02-04T12:43:00Z,12,Fri,0,102,0
49,2022-02-04,2022-02-04T12:44:00Z,12,Fri,0,102,0
49,2022-02-04,2022-02-04T12:45:00Z,12,Fri,0,104,0
49,2022-02-04,2022-02-04T12:46:00Z,12,Fri,0,105,0
49,2022-02-04,2022-02-04T12:47:00Z,12,Fri,0,107,0
49,2022-02-04,2022-02-04T12:48:00Z,12,Fri,0,105,0
49,2022-02-04,2022-02-04T12:49:00Z,12,Fri,0,103,0
49,2022-02-04,2022-02-04T12:50:00Z,12,Fri,0,102,0
49,2022-02-04,2022-02-04T12:51:00Z,12,Fri,0,104,0
49,2022-02-04,2022-02-04T12:52:00Z,12,Fri,0,100,0
49,2022-02-04,2022-02-04T12:53:00Z,12,Fri,0,103,0
49,2022-02-04,2022-02-04T12:54:00Z,12,Fri,0,105,0
49,2022-02-04,2022-02-04T12:55:00Z,12,Fri,0,102,0
49,2022-02-04,2022-02-04T12:56:00Z,12,Fri,0,105,0
49,2022-02-04,2022-02-04T12:57:00Z,12,Fri,0,104,0
49,2022-02-04,2022-02-04T12:58:00Z,12,Fri,0,104,0
49,2022-02-04,2022-02-04T12:59:00Z,12,Fri,0,106,0
49,2022-02-04,2022-02-04T13:00:00Z,13,Fri,0,102,0
49,2022-02-04,2022-02-04T13:01:00Z,13,Fri,0,104,0
49,2022-02-04,2022-02-04T13:02:00Z,13,Fri,0,102,0
49,2022-02-04,2022-02-04T13:03:00Z,13,Fri,0,102,0
49,2022-02-04,2022-02-04T13:04:00Z,13,Fri,0,101,0
49,2022-02-04,2022-02-04T13:05:00Z,13,Fri,0,98,0
49,2022-02-04,2022-02-04T13:06:00Z,13,Fri,0,97,0
49,2022-02-04,2022-02-04T13:07:00Z,13,Fri,0,97,0
49,2022-02-04,2022-02-04T13:08:00Z,13,Fri,0,95,0
49,2022-02-04,2022-02-04T13:09:00Z,13,Fri,0,95,0
49,2022-02-04,2022-02-04T13:10:00Z,13,Fri,0,94,0
49,2022-02-04,2022-02-04T13:11:00Z,13,Fri,0,96,0
49,2022-02-04,2022-02-04T13:12:00Z,13,Fri,0,93,0
49,2022-02-04,2022-02-04T13:13:00Z,13,Fri,0,94,0
49,2022-02-04,2022-02-04T13:14:00Z,13,Fri,0,93,0
49,2022-02-04,2022-02-04T13:15:00Z,13,Fri,0,91,0
49,2022-02-04,2022-02-04T13:16:00Z,13,Fri,0,91,0
49,2022-02-04,2022-02-04T13:17:00Z,13,Fri,0,92,0
49,2022-02-04,2022-02-04T13:18:00Z,13,Fri,0,92,0
49,2022-02-04,2022-02-04T13:19:00Z,13,Fri,0,92,0
49,2022-02-04,2022-02-04T13:20:00Z,13,Fri,0,91,0
49,2022-02-04,2022-02-04T13:21:00Z,13,Fri,0,92,0
49,2022-02-04,2022-02-04T13:22:00Z,13,Fri,0,88,0
49,2022-02-04,2022-02-04T13:23:00Z,13,Fri,0,89,0
49,2022-02-04,2022-02-04T13:24:00Z,13,Fri,0,90,0
49,2022-02-04,2022-02-04T13:25:00Z,13,Fri,0,88,0
49,2022-02-04,2022-02-04T13:26:00Z,13,Fri,0,87,0
49,2022-02-04,2022-02-04T13:27:00Z,13,Fri,0,88,0
49,2022-02-04,2022-02-04T13:28:00Z,13,Fri,0,90,0
49,2022-02-04,2022-02-04T13:29:00Z,13,Fri,0,89,0
49,2022-02-04,2022-02-04T13:30:00Z,13,Fri,0,89,0
49,2022-02-04,2022-02-04T13:31:00Z,13,Fri,0,90,0
49,2022-02-04,2022-02-04T13:32:00Z,13,Fri,0,90,0
49,2022-02-04,2022-02-04T13:33:00Z,13,Fri,0,89,0
49,2022-02-04,2022-02-04T13:34:00Z,13,Fri,0,89,0
49,2022-02-04,2022-02-04T13:35:00Z,13,Fri,0,97,0
49,2022-02-04,2022-02-04T13:36:00Z,13,Fri,0,96,0
49,2022-02-04,2022-02-04T13:37:00Z,13,Fri,0,96,0
49,2022-02-04,2022-02-04T13:38:00Z,13,Fri,0,90,0
49,2022-02-04,2022-02-04T13:39:00Z,13,Fri,0,87,0
49,2022-02-04,2022-02-04T13:40:00Z,13,Fri,0,87,0
49,2022-02-04,2022-02-04T13:41:00Z,13,Fri,0,86,0
49,2022-02-04,2022-02-04T13:42:00Z,13,Fri,0,89,0
49,2022-02-04,2022-02-04T13:43:00Z,13,Fri,0,87,0
49,2022-02-04,2022-02-04T13:44:00Z,13,Fri,0,86,0
49,2022-02-04,2022-02-04T13:45:00Z,13,Fri,0,89,0
49,2022-02-04,2022-02-04T13:46:00Z,13,Fri,0,87,0
49,2022-02-04,2022-02-04T13:47:00Z,13,Fri,0,87,0
49,2022-02-04,2022-02-04T13:48:00Z,13,Fri,0,84,0
49,2022-02-04,2022-02-04T13:49:00Z,13,Fri,0,88,0
49,2022-02-04,2022-02-04T13:50:00Z,13,Fri,0,86,0
49,2022-02-04,2022-02-04T13:51:00Z,13,Fri,0,89,0
49,2022-02-04,2022-02-04T13:52:00Z,13,Fri,0,85,0
49,2022-02-04,2022-02-04T13:53:00Z,13,Fri,0,87,0
49,2022-02-04,2022-02-04T13:54:00Z,13,Fri,0,90,0
49,2022-02-04,2022-02-04T13:55:00Z,13,Fri,0,92,0
49,2022-02-04,2022-02-04T13:56:00Z,13,Fri,0,92,0
49,2022-02-04,2022-02-04T13:57:00Z,13,Fri,0,91,0
49,2022-02-04,2022-02-04T13:58:00Z,13,Fri,0,83,0
49,2022-02-04,2022-02-04T13:59:00Z,13,Fri,0,91,0
49,2022-02-04,2022-02-04T14:00:00Z,14,Fri,0,92,0
49,2022-02-04,2022-02-04T14:01:00Z,14,Fri,0,88,0
49,2022-02-04,2022-02-04T14:02:00Z,14,Fri,0,88,0
49,2022-02-04,2022-02-04T14:03:00Z,14,Fri,0,91,0
49,2022-02-04,2022-02-04T14:04:00Z,14,Fri,0,90,0
49,2022-02-04,2022-02-04T14:05:00Z,14,Fri,0,92,0
49,2022-02-04,2022-02-04T14:06:00Z,14,Fri,0,87,0
49,2022-02-04,2022-02-04T14:07:00Z,14,Fri,0,85,0
49,2022-02-04,2022-02-04T14:08:00Z,14,Fri,0,88,0
49,2022-02-04,2022-02-04T14:09:00Z,14,Fri,0,87,0
49,2022-02-04,2022-02-04T14:10:00Z,14,Fri,0,92,0
49,2022-02-04,2022-02-04T14:11:00Z,14,Fri,0,106,0
49,2022-02-04,2022-02-04T14:12:00Z,14,Fri,0,110,0
49,2022-02-04,2022-02-04T14:13:00Z,14,Fri,0,110,0
49,2022-02-04,2022-02-04T14:14:00Z,14,Fri,0,112,0
49,2022-02-04,2022-02-04T14:15:00Z,14,Fri,0,103,0
49,2022-02-04,2022-02-04T14:16:00Z,14,Fri,0,103,0
49,2022-02-04,2022-02-04T14:17:00Z,14,Fri,0,101,0
49,2022-02-04,2022-02-04T14:18:00Z,14,Fri,0,98,0
49,2022-02-04,2022-02-04T14:19:00Z,14,Fri,0,97,0
49,2022-02-04,2022-02-04T14:20:00Z,14,Fri,0,100,0
49,2022-02-04,2022-02-04T14:21:00Z,14,Fri,0,101,0
49,2022-02-04,2022-02-04T14:22:00Z,14,Fri,0,101,0
49,2022-02-04,2022-02-04T14:23:00Z,14,Fri,0,98,0
49,2022-02-04,2022-02-04T14:24:00Z,14,Fri,0,102,0
49,2022-02-04,2022-02-04T14:25:00Z,14,Fri,0,103,0
49,2022-02-04,2022-02-04T14:26:00Z,14,Fri,0,105,0
49,2022-02-04,2022-02-04T14:27:00Z,14,Fri,0,104,0
49,2022-02-04,2022-02-04T14:28:00Z,14,Fri,0,105,0
49,2022-02-04,2022-02-04T14:29:00Z,14,Fri,0,102,0
49,2022-02-04,2022-02-04T14:30:00Z,14,Fri,0,102,0
49,2022-02-04,2022-02-04T14:31:00Z,14,Fri,0,107,0
49,2022-02-04,2022-02-04T14:32:00Z,14,Fri,0,106,0
49,2022-02-04,2022-02-04T14:33:00Z,14,Fri,0,113,0
49,2022-02-04,2022-02-04T14:34:00Z,14,Fri,0,129,1
49,2022-02-04,2022-02-04T14:35:00Z,14,Fri,0,116,0
49,2022-02-04,2022-02-04T14:36:00Z,14,Fri,0,106,0
49,2022-02-04,2022-02-04T14:37:00Z,14,Fri,0,105,0
49,2022-02-04,2022-02-04T14:38:00Z,14,Fri,0,101,0
49,2022-02-04,2022-02-04T14:39:00Z,14,Fri,0,100,0
49,2022-02-04,2022-02-04T14:40:00Z,14,Fri,0,98,0
49,2022-02-04,2022-02-04T14:41:00Z,14,Fri,0,102,0
49,2022-02-04,2022-02-04T14:42:00Z,14,Fri,0,97,0
49,2022-02-04,2022-02-04T14:43:00Z,14,Fri,0,97,0
49,2022-02-04,2022-02-04T14:44:00Z,14,Fri,0,95,0
49,2022-02-04,2022-02-04T14:45:00Z,14,Fri,0,94,0
49,2022-02-04,2022-02-04T14:46:00Z,14,Fri,0,99,0
49,2022-02-04,2022-02-04T14:47:00Z,14,Fri,0,98,0
49,2022-02-04,2022-02-04T14:48:00Z,14,Fri,0,98,0
49,2022-02-04,2022-02-04T14:49:00Z,14,Fri,0,97,0
49,2022-02-04,2022-02-04T14:50:00Z,14,Fri,0,94,0
49,2022-02-04,2022-02-04T14:51:00Z,14,Fri,0,93,0
49,2022-02-04,2022-02-04T14:52:00Z,14,Fri,0,94,0
49,2022-02-04,2022-02-04T14:53:00Z,14,Fri,0,92,0
49,2022-02-04,2022-02-04T14:54:00Z,14,Fri,0,93,0
49,2022-02-04,2022-02-04T14:55:00Z,14,Fri,0,97,0
49,2022-02-04,2022-02-04T14:56:00Z,14,Fri,0,92,0
49,2022-02-04,2022-02-04T14:57:00Z,14,Fri,0,96,0
49,2022-02-04,2022-02-04T14:58:00Z,14,Fri,0,93,0
49,2022-02-04,2022-02-04T14:59:00Z,14,Fri,0,93,0
49,2022-02-04,2022-02-04T15:00:00Z,15,Fri,0,94,0
49,2022-02-04,2022-02-04T15:01:00Z,15,Fri,0,92,0
49,2022-02-04,2022-02-04T15:02:00Z,15,Fri,0,91,0
49,2022-02-04,2022-02-04T15:03:00Z,15,Fri,0,92,0
49,2022-02-04,2022-02-04T15:04:00Z,15,Fri,0,93,0
49,2022-02-04,2022-02-04T15:05:00Z,15,Fri,0,91,0
49,2022-02-04,2022-02-04T15:06:00Z,15,Fri,0,92,0
49,2022-02-04,2022-02-04T15:07:00Z,15,Fri,0,93,0
49,2022-02-04,2022-02-04T15:08:00Z,15,Fri,0,91,0
49,2022-02-04,2022-02-04T15:09:00Z,15,Fri,0,92,0
49,2022-02-04,2022-02-04T15:10:00Z,15,Fri,0,90,0
49,2022-02-04,2022-02-04T15:11:00Z,15,Fri,0,90,0
49,2022-02-04,2022-02-04T15:12:00Z,15,Fri,0,91,0
49,2022-02-04,2022-02-04T15:13:00Z,15,Fri,0,92,0
49,2022-02-04,2022-02-04T15:14:00Z,15,Fri,0,91,0
49,2022-02-04,2022-02-04T15:15:00Z,15,Fri,0,91,0
49,2022-02-04,2022-02-04T15:16:00Z,15,Fri,0,92,0
49,2022-02-04,2022-02-04T15:17:00Z,15,Fri,0,90,0
49,2022-02-04,2022-02-04T15:18:00Z,15,Fri,0,89,0
49,2022-02-04,2022-02-04T15:19:00Z,15,Fri,0,94,0
49,2022-02-04,2022-02-04T15:20:00Z,15,Fri,0,92,0
49,2022-02-04,2022-02-04T15:21:00Z,15,Fri,0,94,0
49,2022-02-04,2022-02-04T15:22:00Z,15,Fri,0,93,0
49,2022-02-04,2022-02-04T15:23:00Z,15,Fri,0,95,0
49,2022-02-04,2022-02-04T15:24:00Z,15,Fri,0,94,0
49,2022-02-04,2022-02-04T15:25:00Z,15,Fri,0,94,0
49,2022-02-04,2022-02-04T15:26:00Z,15,Fri,0,94,0
49,2022-02-04,2022-02-04T15:27:00Z,15,Fri,0,92,0
49,2022-02-04,2022-02-04T15:28:00Z,15,Fri,0,93,0
49,2022-02-04,2022-02-04T15:29:00Z,15,Fri,0,91,0
49,2022-02-04,2022-02-04T15:30:00Z,15,Fri,0,93,0
49,2022-02-04,2022-02-04T15:31:00Z,15,Fri,0,92,0
49,2022-02-04,2022-02-04T15:32:00Z,15,Fri,0,93,0
49,2022-02-04,2022-02-04T15:33:00Z,15,Fri,0,94,0
49,2022-02-04,2022-02-04T15:34:00Z,15,Fri,0,108,0
49,2022-02-04,2022-02-04T15:35:00Z,15,Fri,0,115,0
49,2022-02-04,2022-02-04T15:36:00Z,15,Fri,0,109,0
49,2022-02-04,2022-02-04T15:37:00Z,15,Fri,0,112,0
49,2022-02-04,2022-02-04T15:38:00Z,15,Fri,0,108,0
49,2022-02-04,2022-02-04T15:39:00Z,15,Fri,0,108,0
49,2022-02-04,2022-02-04T15:40:00Z,15,Fri,0,102,0
49,2022-02-04,2022-02-04T15:41:00Z,15,Fri,0,96,0
49,2022-02-04,2022-02-04T15:42:00Z,15,Fri,0,95,0
49,2022-02-04,2022-02-04T15:43:00Z,15,Fri,0,94,0
49,2022-02-04,2022-02-04T15:44:00Z,15,Fri,0,97,0
49,2022-02-04,2022-02-04T15:45:00Z,15,Fri,0,104,0
49,2022-02-04,2022-02-04T15:46:00Z,15,Fri,0,102,0
49,2022-02-04,2022-02-04T15:47:00Z,15,Fri,0,106,0
49,2022-02-04,2022-02-04T15:48:00Z,15,Fri,0,101,0
49,2022-02-04,2022-02-04T15:49:00Z,15,Fri,0,100,0
49,2022-02-04,2022-02-04T15:50:00Z,15,Fri,0,98,0
49,2022-02-04,2022-02-04T15:51:00Z,15,Fri,0,101,0
49,2022-02-04,2022-02-04T15:52:00Z,15,Fri,0,99,0
49,2022-02-04,2022-02-04T15:53:00Z,15,Fri,0,97,0
49,2022-02-04,2022-02-04T15:54:00Z,15,Fri,0,98,0
49,2022-02-04,2022-02-04T15:55:00Z,15,Fri,0,98,0
49,2022-02-04,2022-02-04T15:56:00Z,15,Fri,0,101,0
49,2022-02-04,2022-02-04T15:57:00Z,15,Fri,0,97,0
49,2022-02-04,2022-02-04T15:58:00Z,15,Fri,0,106,0
49,2022-02-04,2022-02-04T15:59:00Z,15,Fri,0,102,0
49,2022-02-04,2022-02-04T16:00:00Z,16,Fri,0,105,0
49,2022-02-04,2022-02-04T16:01:00Z,16,Fri,0,113,0
49,2022-02-04,2022-02-04T16:02:00Z,16,Fri,0,113,0
49,2022-02-04,2022-02-04T16:03:00Z,16,Fri,0,120,0
49,2022-02-04,2022-02-04T16:04:00Z,16,Fri,0,119,0
49,2022-02-04,2022-02-04T16:05:00Z,16,Fri,0,118,0
49,2022-02-04,2022-02-04T16:06:00Z,16,Fri,20,121,1
49,2022-02-04,2022-02-04T16:07:00Z,16,Fri,0,128,1
49,2022-02-04,2022-02-04T16:08:00Z,16,Fri,0,130,1
49,2022-02-04,2022-02-04T16:09:00Z,16,Fri,72,128,1
49,2022-02-04,2022-02-04T16:10:00Z,16,Fri,0,127,0
49,2022-02-04,2022-02-04T16:11:00Z,16,Fri,0,127,0
49,2022-02-04,2022-02-04T16:12:00Z,16,Fri,0,114,0
49,2022-02-04,2022-02-04T16:13:00Z,16,Fri,0,116,0
49,2022-02-04,2022-02-04T16:14:00Z,16,Fri,0,115,0
49,2022-02-04,2022-02-04T16:15:00Z,16,Fri,0,104,0
49,2022-02-04,2022-02-04T16:16:00Z,16,Fri,0,103,0
49,2022-02-04,2022-02-04T16:17:00Z,16,Fri,0,98,0
49,2022-02-04,2022-02-04T16:18:00Z,16,Fri,0,101,0
49,2022-02-04,2022-02-04T16:19:00Z,16,Fri,0,98,0
49,2022-02-04,2022-02-04T16:20:00Z,16,Fri,0,100,0
49,2022-02-04,2022-02-04T16:21:00Z,16,Fri,0,102,0
49,2022-02-04,2022-02-04T16:22:00Z,16,Fri,0,101,0
49,2022-02-04,2022-02-04T16:23:00Z,16,Fri,0,102,0
49,2022-02-04,2022-02-04T16:24:00Z,16,Fri,0,102,0
49,2022-02-04,2022-02-04T16:25:00Z,16,Fri,0,99,0
49,2022-02-04,2022-02-04T16:26:00Z,16,Fri,0,97,0
49,2022-02-04,2022-02-04T16:27:00Z,16,Fri,0,98,0
49,2022-02-04,2022-02-04T16:28:00Z,16,Fri,0,98,0
49,2022-02-04,2022-02-04T16:29:00Z,16,Fri,0,99,0
49,2022-02-04,2022-02-04T16:30:00Z,16,Fri,0,103,0
49,2022-02-04,2022-02-04T16:31:00Z,16,Fri,0,100,0
49,2022-02-04,2022-02-04T16:32:00Z,16,Fri,0,105,0
49,2022-02-04,2022-02-04T16:33:00Z,16,Fri,0,107,0
49,2022-02-04,2022-02-04T16:34:00Z,16,Fri,0,107,0
49,2022-02-04,2022-02-04T16:35:00Z,16,Fri,0,106,0
49,2022-02-04,2022-02-04T16:36:00Z,16,Fri,0,105,0
49,2022-02-04,2022-02-04T16:37:00Z,16,Fri,0,103,0
49,2022-02-04,2022-02-04T16:38:00Z,16,Fri,0,103,0
49,2022-02-04,2022-02-04T16:39:00Z,16,Fri,0,100,0
49,2022-02-04,2022-02-04T16:40:00Z,16,Fri,0,100,0
49,2022-02-04,2022-02-04T16:41:00Z,16,Fri,0,103,0
49,2022-02-04,2022-02-04T16:42:00Z,16,Fri,0,108,0
49,2022-02-04,2022-02-04T16:43:00Z,16,Fri,0,108,0
49,2022-02-04,2022-02-04T16:44:00Z,16,Fri,0,106,0
49,2022-02-04,2022-02-04T16:45:00Z,16,Fri,0,106,0
49,2022-02-04,2022-02-04T16:46:00Z,16,Fri,0,107,0
49,2022-02-04,2022-02-04T16:47:00Z,16,Fri,0,105,0
49,2022-02-04,2022-02-04T16:48:00Z,16,Fri,0,106,0
49,2022-02-04,2022-02-04T16:49:00Z,16,Fri,0,108,0
49,2022-02-04,2022-02-04T16:50:00Z,16,Fri,0,111,0
49,2022-02-04,2022-02-04T16:51:00Z,16,Fri,0,111,0
49,2022-02-04,2022-02-04T16:52:00Z,16,Fri,0,111,0
49,2022-02-04,2022-02-04T16:53:00Z,16,Fri,0,109,0
49,2022-02-04,2022-02-04T16:54:00Z,16,Fri,0,108,0
49,2022-02-04,2022-02-04T16:55:00Z,16,Fri,0,109,0
49,2022-02-04,2022-02-04T16:56:00Z,16,Fri,0,107,0
49,2022-02-04,2022-02-04T16:57:00Z,16,Fri,0,107,0
49,2022-02-04,2022-02-04T16:58:00Z,16,Fri,0,111,0
49,2022-02-04,2022-02-04T16:59:00Z,16,Fri,0,110,0
49,2022-02-04,2022-02-04T17:00:00Z,17,Fri,0,110,0
49,2022-02-04,2022-02-04T17:01:00Z,17,Fri,0,110,0
49,2022-02-04,2022-02-04T17:02:00Z,17,Fri,0,109,0
49,2022-02-04,2022-02-04T17:03:00Z,17,Fri,0,107,0
49,2022-02-04,2022-02-04T17:04:00Z,17,Fri,0,107,0
49,2022-02-04,2022-02-04T17:05:00Z,17,Fri,0,109,0
49,2022-02-04,2022-02-04T17:06:00Z,17,Fri,0,110,0
49,2022-02-04,2022-02-04T17:07:00Z,17,Fri,0,108,0
49,2022-02-04,2022-02-04T17:08:00Z,17,Fri,0,108,0
49,2022-02-04,2022-02-04T17:09:00Z,17,Fri,0,110,0
49,2022-02-04,2022-02-04T17:10:00Z,17,Fri,0,111,0
49,2022-02-04,2022-02-04T17:11:00Z,17,Fri,0,109,0
49,2022-02-04,2022-02-04T17:12:00Z,17,Fri,0,109,0
49,2022-02-04,2022-02-04T17:13:00Z,17,Fri,0,108,0
49,2022-02-04,2022-02-04T17:14:00Z,17,Fri,0,106,0
49,2022-02-04,2022-02-04T17:15:00Z,17,Fri,0,106,0
49,2022-02-04,2022-02-04T17:16:00Z,17,Fri,0,109,0
49,2022-02-04,2022-02-04T17:17:00Z,17,Fri,0,111,0
49,2022-02-04,2022-02-04T17:18:00Z,17,Fri,0,111,0
49,2022-02-04,2022-02-04T17:19:00Z,17,Fri,0,113,0
49,2022-02-04,2022-02-04T17:20:00Z,17,Fri,0,113,0
49,2022-02-04,2022-02-04T17:21:00Z,17,Fri,0,111,0
49,2022-02-04,2022-02-04T17:22:00Z,17,Fri,0,111,0
49,2022-02-04,2022-02-04T17:23:00Z,17,Fri,0,109,0
49,2022-02-04,2022-02-04T17:24:00Z,17,Fri,0,111,0
49,2022-02-04,2022-02-04T17:25:00Z,17,Fri,0,110,0
49,2022-02-04,2022-02-04T17:26:00Z,17,Fri,0,111,0
49,2022-02-04,2022-02-04T17:27:00Z,17,Fri,0,110,0
49,2022-02-04,2022-02-04T17:28:00Z,17,Fri,0,109,0
49,2022-02-04,2022-02-04T17:29:00Z,17,Fri,0,106,0
49,2022-02-04,2022-02-04T17:30:00Z,17,Fri,0,109,0
49,2022-02-04,2022-02-04T17:31:00Z,17,Fri,0,107,0
49,2022-02-04,2022-02-04T17:32:00Z,17,Fri,0,109,0
49,2022-02-04,2022-02-04T17:33:00Z,17,Fri,0,110,0
49,2022-02-04,2022-02-04T17:34:00Z,17,Fri,0,112,0
49,2022-02-04,2022-02-04T17:35:00Z,17,Fri,0,114,0
49,2022-02-04,2022-02-04T17:36:00Z,17,Fri,0,113,0
49,2022-02-04,2022-02-04T17:37:00Z,17,Fri,0,108,0
49,2022-02-04,2022-02-04T17:38:00Z,17,Fri,0,110,0
49,2022-02-04,2022-02-04T17:39:00Z,17,Fri,0,104,0
49,2022-02-04,2022-02-04T17:40:00Z,17,Fri,0,110,0
49,2022-02-04,2022-02-04T17:41:00Z,17,Fri,0,115,0
49,2022-02-04,2022-02-04T17:42:00Z,17,Fri,0,110,0
49,2022-02-04,2022-02-04T17:43:00Z,17,Fri,0,108,0
49,2022-02-04,2022-02-04T17:44:00Z,17,Fri,0,106,0
49,2022-02-04,2022-02-04T17:45:00Z,17,Fri,0,106,0
49,2022-02-04,2022-02-04T17:46:00Z,17,Fri,0,106,0
49,2022-02-04,2022-02-04T17:47:00Z,17,Fri,0,108,0
49,2022-02-04,2022-02-04T17:48:00Z,17,Fri,0,104,0
49,2022-02-04,2022-02-04T17:49:00Z,17,Fri,0,109,0
49,2022-02-04,2022-02-04T17:50:00Z,17,Fri,0,113,0
49,2022-02-04,2022-02-04T17:51:00Z,17,Fri,0,115,0
49,2022-02-04,2022-02-04T17:52:00Z,17,Fri,0,111,0
49,2022-02-04,2022-02-04T17:53:00Z,17,Fri,0,106,0
49,2022-02-04,2022-02-04T17:54:00Z,17,Fri,0,105,0
49,2022-02-04,2022-02-04T17:55:00Z,17,Fri,0,104,0
49,2022-02-04,2022-02-04T17:56:00Z,17,Fri,0,107,0
49,2022-02-04,2022-02-04T17:57:00Z,17,Fri,0,105,0
49,2022-02-04,2022-02-04T17:58:00Z,17,Fri,0,103,0
49,2022-02-04,2022-02-04T17:59:00Z,17,Fri,0,106,0
49,2022-02-04,2022-02-04T18:00:00Z,18,Fri,0,106,0
49,2022-02-04,2022-02-04T18:01:00Z,18,Fri,0,105,0
49,2022-02-04,2022-02-04T18:02:00Z,18,Fri,0,104,0
49,2022-02-04,2022-02-04T18:03:00Z,18,Fri,0,102,0
49,2022-02-04,2022-02-04T18:04:00Z,18,Fri,0,103,0
49,2022-02-04,2022-02-04T18:05:00Z,18,Fri,0,103,0
49,2022-02-04,2022-02-04T18:06:00Z,18,Fri,0,103,0
49,2022-02-04,2022-02-04T18:07:00Z,18,Fri,0,104,0
49,2022-02-04,2022-02-04T18:08:00Z,18,Fri,0,99,0
49,2022-02-04,2022-02-04T18:09:00Z,18,Fri,0,103,0
49,2022-02-04,2022-02-04T18:10:00Z,18,Fri,0,102,0
49,2022-02-04,2022-02-04T18:11:00Z,18,Fri,0,100,0
49,2022-02-04,2022-02-04T18:12:00Z,18,Fri,0,97,0
49,2022-02-04,2022-02-04T18:13:00Z,18,Fri,0,97,0
49,2022-02-04,2022-02-04T18:14:00Z,18,Fri,0,99,0
49,2022-02-04,2022-02-04T18:15:00Z,18,Fri,0,100,0
49,2022-02-04,2022-02-04T18:16:00Z,18,Fri,0,103,0
49,2022-02-04,2022-02-04T18:17:00Z,18,Fri,0,100,0
49,2022-02-04,2022-02-04T18:18:00Z,18,Fri,0,102,0
49,2022-02-04,2022-02-04T18:19:00Z,18,Fri,0,100,0
49,2022-02-04,2022-02-04T18:20:00Z,18,Fri,0,100,0
49,2022-02-04,2022-02-04T18:21:00Z,18,Fri,0,100,0
49,2022-02-04,2022-02-04T18:22:00Z,18,Fri,0,101,0
49,2022-02-04,2022-02-04T18:23:00Z,18,Fri,0,100,0
49,2022-02-04,2022-02-04T18:24:00Z,18,Fri,0,101,0
49,2022-02-04,2022-02-04T18:25:00Z,18,Fri,0,100,0
49,2022-02-04,2022-02-04T18:26:00Z,18,Fri,0,100,0
49,2022-02-04,2022-02-04T18:27:00Z,18,Fri,0,100,0
49,2022-02-04,2022-02-04T18:28:00Z,18,Fri,0,99,0
49,2022-02-04,2022-02-04T18:29:00Z,18,Fri,0,98,0
49,2022-02-04,2022-02-04T18:30:00Z,18,Fri,0,101,0
49,2022-02-04,2022-02-04T18:31:00Z,18,Fri,0,101,0
49,2022-02-04,2022-02-04T18:32:00Z,18,Fri,0,100,0
49,2022-02-04,2022-02-04T18:33:00Z,18,Fri,0,103,0
49,2022-02-04,2022-02-04T18:34:00Z,18,Fri,0,103,0
49,2022-02-04,2022-02-04T18:35:00Z,18,Fri,0,100,0
49,2022-02-04,2022-02-04T18:36:00Z,18,Fri,0,100,0
49,2022-02-04,2022-02-04T18:37:00Z,18,Fri,0,100,0
49,2022-02-04,2022-02-04T18:38:00Z,18,Fri,0,101,0
49,2022-02-04,2022-02-04T18:39:00Z,18,Fri,0,104,0
49,2022-02-04,2022-02-04T18:40:00Z,18,Fri,0,105,0
49,2022-02-04,2022-02-04T18:41:00Z,18,Fri,0,105,0
49,2022-02-04,2022-02-04T18:42:00Z,18,Fri,0,104,0
49,2022-02-04,2022-02-04T18:43:00Z,18,Fri,0,104,0
49,2022-02-04,2022-02-04T18:44:00Z,18,Fri,0,104,0
49,2022-02-04,2022-02-04T18:45:00Z,18,Fri,0,105,0
49,2022-02-04,2022-02-04T18:46:00Z,18,Fri,0,108,0
49,2022-02-04,2022-02-04T18:47:00Z,18,Fri,0,108,0
49,2022-02-04,2022-02-04T18:48:00Z,18,Fri,0,110,0
49,2022-02-04,2022-02-04T18:49:00Z,18,Fri,0,111,0
49,2022-02-04,2022-02-04T18:50:00Z,18,Fri,0,118,0
49,2022-02-04,2022-02-04T18:51:00Z,18,Fri,0,114,0
49,2022-02-04,2022-02-04T18:52:00Z,18,Fri,0,112,0
49,2022-02-04,2022-02-04T18:53:00Z,18,Fri,0,110,0
49,2022-02-04,2022-02-04T18:54:00Z,18,Fri,0,109,0
49,2022-02-04,2022-02-04T18:55:00Z,18,Fri,0,108,0
49,2022-02-04,2022-02-04T18:56:00Z,18,Fri,0,109,0
49,2022-02-04,2022-02-04T18:57:00Z,18,Fri,0,107,0
49,2022-02-04,2022-02-04T18:58:00Z,18,Fri,0,108,0
49,2022-02-04,2022-02-04T18:59:00Z,18,Fri,0,107,0
49,2022-02-04,2022-02-04T19:00:00Z,19,Fri,0,104,0
49,2022-02-04,2022-02-04T19:01:00Z,19,Fri,0,103,0
49,2022-02-04,2022-02-04T19:02:00Z,19,Fri,0,103,0
49,2022-02-04,2022-02-04T19:03:00Z,19,Fri,0,104,0
49,2022-02-04,2022-02-04T19:04:00Z,19,Fri,0,106,0
49,2022-02-04,2022-02-04T19:05:00Z,19,Fri,0,103,0
49,2022-02-04,2022-02-04T19:06:00Z,19,Fri,0,75,0
49,2022-02-04,2022-02-04T19:07:00Z,19,Fri,0,105,0
49,2022-02-04,2022-02-04T19:08:00Z,19,Fri,0,110,0
49,2022-02-04,2022-02-04T19:09:00Z,19,Fri,0,120,0
49,2022-02-04,2022-02-04T19:10:00Z,19,Fri,0,115,0
49,2022-02-04,2022-02-04T19:11:00Z,19,Fri,0,113,0
49,2022-02-04,2022-02-04T19:12:00Z,19,Fri,0,111,0
49,2022-02-04,2022-02-04T19:13:00Z,19,Fri,0,113,0
49,2022-02-04,2022-02-04T19:14:00Z,19,Fri,0,110,0
49,2022-02-04,2022-02-04T19:15:00Z,19,Fri,0,108,0
49,2022-02-04,2022-02-04T19:16:00Z,19,Fri,0,109,0
49,2022-02-04,2022-02-04T19:17:00Z,19,Fri,0,109,0
49,2022-02-04,2022-02-04T19:18:00Z,19,Fri,0,112,0
49,2022-02-04,2022-02-04T19:19:00Z,19,Fri,0,107,0
49,2022-02-04,2022-02-04T19:20:00Z,19,Fri,0,105,0
49,2022-02-04,2022-02-04T19:21:00Z,19,Fri,0,107,0
49,2022-02-04,2022-02-04T19:22:00Z,19,Fri,0,106,0
49,2022-02-04,2022-02-04T19:23:00Z,19,Fri,0,115,0
49,2022-02-04,2022-02-04T19:24:00Z,19,Fri,0,112,0
49,2022-02-04,2022-02-04T19:25:00Z,19,Fri,0,114,0
49,2022-02-04,2022-02-04T19:26:00Z,19,Fri,0,112,0
49,2022-02-04,2022-02-04T19:27:00Z,19,Fri,0,111,0
49,2022-02-04,2022-02-04T19:28:00Z,19,Fri,0,110,0
49,2022-02-04,2022-02-04T19:29:00Z,19,Fri,0,111,0
49,2022-02-04,2022-02-04T19:30:00Z,19,Fri,0,110,0
49,2022-02-04,2022-02-04T19:31:00Z,19,Fri,0,106,0
49,2022-02-04,2022-02-04T19:32:00Z,19,Fri,0,111,0
49,2022-02-04,2022-02-04T19:33:00Z,19,Fri,0,110,0
49,2022-02-04,2022-02-04T19:34:00Z,19,Fri,0,110,0
49,2022-02-04,2022-02-04T19:35:00Z,19,Fri,0,114,0
49,2022-02-04,2022-02-04T19:36:00Z,19,Fri,0,113,0
49,2022-02-04,2022-02-04T19:37:00Z,19,Fri,0,105,0
49,2022-02-04,2022-02-04T19:38:00Z,19,Fri,0,107,0
49,2022-02-04,2022-02-04T19:39:00Z,19,Fri,0,109,0
49,2022-02-04,2022-02-04T19:40:00Z,19,Fri,0,108,0
49,2022-02-04,2022-02-04T19:41:00Z,19,Fri,0,107,0
49,2022-02-04,2022-02-04T19:42:00Z,19,Fri,0,112,0
49,2022-02-04,2022-02-04T19:43:00Z,19,Fri,0,109,0
49,2022-02-04,2022-02-04T19:44:00Z,19,Fri,0,122,0
49,2022-02-04,2022-02-04T19:45:00Z,19,Fri,0,130,1
49,2022-02-04,2022-02-04T19:46:00Z,19,Fri,0,129,1
49,2022-02-04,2022-02-04T19:47:00Z,19,Fri,0,130,1
49,2022-02-04,2022-02-04T19:48:00Z,19,Fri,0,125,0
49,2022-02-04,2022-02-04T19:49:00Z,19,Fri,0,119,0
49,2022-02-04,2022-02-04T19:50:00Z,19,Fri,0,110,0
49,2022-02-04,2022-02-04T19:51:00Z,19,Fri,0,116,0
49,2022-02-04,2022-02-04T19:52:00Z,19,Fri,0,121,0
49,2022-02-04,2022-02-04T19:53:00Z,19,Fri,0,114,0
49,2022-02-04,2022-02-04T19:54:00Z,19,Fri,0,119,0
49,2022-02-04,2022-02-04T19:55:00Z,19,Fri,0,121,0
49,2022-02-04,2022-02-04T19:56:00Z,19,Fri,0,116,0
49,2022-02-04,2022-02-04T19:57:00Z,19,Fri,0,116,0
49,2022-02-04,2022-02-04T19:58:00Z,19,Fri,0,119,0
49,2022-02-04,2022-02-04T19:59:00Z,19,Fri,0,110,0
49,2022-02-07,2022-02-07T08:00:00Z,8,Mon,NA,NA,0
49,2022-02-07,2022-02-07T08:01:00Z,8,Mon,NA,NA,0
49,2022-02-07,2022-02-07T08:02:00Z,8,Mon,NA,NA,0
49,2022-02-07,2022-02-07T08:03:00Z,8,Mon,NA,NA,0
49,2022-02-07,2022-02-07T08:04:00Z,8,Mon,NA,NA,0
49,2022-02-07,2022-02-07T08:05:00Z,8,Mon,NA,NA,0
49,2022-02-07,2022-02-07T08:06:00Z,8,Mon,NA,NA,0
49,2022-02-07,2022-02-07T08:07:00Z,8,Mon,NA,NA,0
49,2022-02-07,2022-02-07T08:08:00Z,8,Mon,NA,NA,0
49,2022-02-07,2022-02-07T08:09:00Z,8,Mon,NA,NA,0
49,2022-02-07,2022-02-07T08:10:00Z,8,Mon,NA,NA,0
49,2022-02-07,2022-02-07T08:11:00Z,8,Mon,NA,NA,0
49,2022-02-07,2022-02-07T08:12:00Z,8,Mon,NA,NA,0
49,2022-02-07,2022-02-07T08:13:00Z,8,Mon,NA,NA,0
49,2022-02-07,2022-02-07T08:14:00Z,8,Mon,NA,NA,0
49,2022-02-07,2022-02-07T08:15:00Z,8,Mon,NA,NA,0
49,2022-02-07,2022-02-07T08:16:00Z,8,Mon,NA,NA,0
49,2022-02-07,2022-02-07T08:17:00Z,8,Mon,NA,NA,0
49,2022-02-07,2022-02-07T08:18:00Z,8,Mon,NA,NA,0
49,2022-02-07,2022-02-07T08:19:00Z,8,Mon,NA,NA,0
49,2022-02-07,2022-02-07T08:20:00Z,8,Mon,NA,NA,0
49,2022-02-07,2022-02-07T08:21:00Z,8,Mon,NA,NA,0
49,2022-02-07,2022-02-07T08:22:00Z,8,Mon,NA,NA,0
49,2022-02-07,2022-02-07T08:23:00Z,8,Mon,NA,NA,0
49,2022-02-07,2022-02-07T08:24:00Z,8,Mon,NA,NA,0
49,2022-02-07,2022-02-07T08:25:00Z,8,Mon,NA,NA,0
49,2022-02-07,2022-02-07T08:26:00Z,8,Mon,NA,NA,0
49,2022-02-07,2022-02-07T08:27:00Z,8,Mon,NA,NA,0
49,2022-02-07,2022-02-07T08:28:00Z,8,Mon,NA,NA,0
49,2022-02-07,2022-02-07T08:29:00Z,8,Mon,NA,NA,0
49,2022-02-07,2022-02-07T08:30:00Z,8,Mon,NA,NA,0
49,2022-02-07,2022-02-07T08:31:00Z,8,Mon,NA,NA,0
49,2022-02-07,2022-02-07T08:32:00Z,8,Mon,NA,NA,0
49,2022-02-07,2022-02-07T08:33:00Z,8,Mon,NA,NA,0
49,2022-02-07,2022-02-07T08:34:00Z,8,Mon,NA,NA,0
49,2022-02-07,2022-02-07T08:35:00Z,8,Mon,NA,NA,0
49,2022-02-07,2022-02-07T08:36:00Z,8,Mon,NA,NA,0
49,2022-02-07,2022-02-07T08:37:00Z,8,Mon,NA,NA,0
49,2022-02-07,2022-02-07T08:38:00Z,8,Mon,0,70,0
49,2022-02-07,2022-02-07T08:39:00Z,8,Mon,NA,NA,0
49,2022-02-07,2022-02-07T08:40:00Z,8,Mon,NA,NA,0
49,2022-02-07,2022-02-07T08:41:00Z,8,Mon,NA,NA,0
49,2022-02-07,2022-02-07T08:42:00Z,8,Mon,NA,NA,0
49,2022-02-07,2022-02-07T08:43:00Z,8,Mon,NA,NA,0
49,2022-02-07,2022-02-07T08:44:00Z,8,Mon,NA,NA,0
49,2022-02-07,2022-02-07T08:45:00Z,8,Mon,NA,NA,0
49,2022-02-07,2022-02-07T08:46:00Z,8,Mon,NA,NA,0
49,2022-02-07,2022-02-07T08:47:00Z,8,Mon,NA,NA,0
49,2022-02-07,2022-02-07T08:48:00Z,8,Mon,NA,NA,0
49,2022-02-07,2022-02-07T08:49:00Z,8,Mon,NA,NA,0
49,2022-02-07,2022-02-07T08:50:00Z,8,Mon,NA,NA,0
49,2022-02-07,2022-02-07T08:51:00Z,8,Mon,NA,NA,0
49,2022-02-07,2022-02-07T08:52:00Z,8,Mon,NA,NA,0
49,2022-02-07,2022-02-07T08:53:00Z,8,Mon,NA,NA,0
49,2022-02-07,2022-02-07T08:54:00Z,8,Mon,NA,NA,0
49,2022-02-07,2022-02-07T08:55:00Z,8,Mon,NA,NA,0
49,2022-02-07,2022-02-07T08:56:00Z,8,Mon,0,70,0
49,2022-02-07,2022-02-07T08:57:00Z,8,Mon,NA,NA,0
49,2022-02-07,2022-02-07T08:58:00Z,8,Mon,NA,NA,0
49,2022-02-07,2022-02-07T08:59:00Z,8,Mon,NA,NA,0
49,2022-02-07,2022-02-07T09:00:00Z,9,Mon,NA,NA,0
49,2022-02-07,2022-02-07T09:01:00Z,9,Mon,NA,NA,0
49,2022-02-07,2022-02-07T09:02:00Z,9,Mon,NA,NA,0
49,2022-02-07,2022-02-07T09:03:00Z,9,Mon,NA,NA,0
49,2022-02-07,2022-02-07T09:04:00Z,9,Mon,NA,NA,0
49,2022-02-07,2022-02-07T09:05:00Z,9,Mon,NA,NA,0
49,2022-02-07,2022-02-07T09:06:00Z,9,Mon,NA,NA,0
49,2022-02-07,2022-02-07T09:07:00Z,9,Mon,NA,NA,0
49,2022-02-07,2022-02-07T09:08:00Z,9,Mon,NA,NA,0
49,2022-02-07,2022-02-07T09:09:00Z,9,Mon,NA,NA,0
49,2022-02-07,2022-02-07T09:10:00Z,9,Mon,NA,NA,0
49,2022-02-07,2022-02-07T09:11:00Z,9,Mon,NA,NA,0
49,2022-02-07,2022-02-07T09:12:00Z,9,Mon,NA,NA,0
49,2022-02-07,2022-02-07T09:13:00Z,9,Mon,NA,NA,0
49,2022-02-07,2022-02-07T09:14:00Z,9,Mon,NA,NA,0
49,2022-02-07,2022-02-07T09:15:00Z,9,Mon,NA,NA,0
49,2022-02-07,2022-02-07T09:16:00Z,9,Mon,NA,NA,0
49,2022-02-07,2022-02-07T09:17:00Z,9,Mon,NA,NA,0
49,2022-02-07,2022-02-07T09:18:00Z,9,Mon,NA,NA,0
49,2022-02-07,2022-02-07T09:19:00Z,9,Mon,NA,NA,0
49,2022-02-07,2022-02-07T09:20:00Z,9,Mon,NA,NA,0
49,2022-02-07,2022-02-07T09:21:00Z,9,Mon,NA,NA,0
49,2022-02-07,2022-02-07T09:22:00Z,9,Mon,NA,NA,0
49,2022-02-07,2022-02-07T09:23:00Z,9,Mon,NA,NA,0
49,2022-02-07,2022-02-07T09:24:00Z,9,Mon,NA,NA,0
49,2022-02-07,2022-02-07T09:25:00Z,9,Mon,NA,NA,0
49,2022-02-07,2022-02-07T09:26:00Z,9,Mon,NA,NA,0
49,2022-02-07,2022-02-07T09:27:00Z,9,Mon,NA,NA,0
49,2022-02-07,2022-02-07T09:28:00Z,9,Mon,NA,NA,0
49,2022-02-07,2022-02-07T09:29:00Z,9,Mon,NA,NA,0
49,2022-02-07,2022-02-07T09:30:00Z,9,Mon,NA,NA,0
49,2022-02-07,2022-02-07T09:31:00Z,9,Mon,NA,NA,0
49,2022-02-07,2022-02-07T09:32:00Z,9,Mon,NA,NA,0
49,2022-02-07,2022-02-07T09:33:00Z,9,Mon,NA,NA,0
49,2022-02-07,2022-02-07T09:34:00Z,9,Mon,NA,NA,0
49,2022-02-07,2022-02-07T09:35:00Z,9,Mon,NA,NA,0
49,2022-02-07,2022-02-07T09:36:00Z,9,Mon,NA,NA,0
49,2022-02-07,2022-02-07T09:37:00Z,9,Mon,NA,NA,0
49,2022-02-07,2022-02-07T09:38:00Z,9,Mon,NA,NA,0
49,2022-02-07,2022-02-07T09:39:00Z,9,Mon,NA,NA,0
49,2022-02-07,2022-02-07T09:40:00Z,9,Mon,NA,NA,0
49,2022-02-07,2022-02-07T09:41:00Z,9,Mon,NA,NA,0
49,2022-02-07,2022-02-07T09:42:00Z,9,Mon,NA,NA,0
49,2022-02-07,2022-02-07T09:43:00Z,9,Mon,NA,NA,0
49,2022-02-07,2022-02-07T09:44:00Z,9,Mon,NA,NA,0
49,2022-02-07,2022-02-07T09:45:00Z,9,Mon,NA,NA,0
49,2022-02-07,2022-02-07T09:46:00Z,9,Mon,NA,NA,0
49,2022-02-07,2022-02-07T09:47:00Z,9,Mon,NA,NA,0
49,2022-02-07,2022-02-07T09:48:00Z,9,Mon,NA,NA,0
49,2022-02-07,2022-02-07T09:49:00Z,9,Mon,NA,NA,0
49,2022-02-07,2022-02-07T09:50:00Z,9,Mon,0,70,0
49,2022-02-07,2022-02-07T09:51:00Z,9,Mon,NA,NA,0
49,2022-02-07,2022-02-07T09:52:00Z,9,Mon,NA,NA,0
49,2022-02-07,2022-02-07T09:53:00Z,9,Mon,NA,NA,0
49,2022-02-07,2022-02-07T09:54:00Z,9,Mon,NA,NA,0
49,2022-02-07,2022-02-07T09:55:00Z,9,Mon,NA,NA,0
49,2022-02-07,2022-02-07T09:56:00Z,9,Mon,NA,NA,0
49,2022-02-07,2022-02-07T09:57:00Z,9,Mon,NA,NA,0
49,2022-02-07,2022-02-07T09:58:00Z,9,Mon,NA,NA,0
49,2022-02-07,2022-02-07T09:59:00Z,9,Mon,NA,NA,0
49,2022-02-07,2022-02-07T10:00:00Z,10,Mon,NA,NA,0
49,2022-02-07,2022-02-07T10:01:00Z,10,Mon,NA,NA,0
49,2022-02-07,2022-02-07T10:02:00Z,10,Mon,0,77,0
49,2022-02-07,2022-02-07T10:03:00Z,10,Mon,0,111,0
49,2022-02-07,2022-02-07T10:04:00Z,10,Mon,15,108,1
49,2022-02-07,2022-02-07T10:05:00Z,10,Mon,0,112,0
49,2022-02-07,2022-02-07T10:06:00Z,10,Mon,38,114,1
49,2022-02-07,2022-02-07T10:07:00Z,10,Mon,18,114,1
49,2022-02-07,2022-02-07T10:08:00Z,10,Mon,0,117,0
49,2022-02-07,2022-02-07T10:09:00Z,10,Mon,7,122,1
49,2022-02-07,2022-02-07T10:10:00Z,10,Mon,0,115,0
49,2022-02-07,2022-02-07T10:11:00Z,10,Mon,0,116,0
49,2022-02-07,2022-02-07T10:12:00Z,10,Mon,16,116,1
49,2022-02-07,2022-02-07T10:13:00Z,10,Mon,16,122,1
49,2022-02-07,2022-02-07T10:14:00Z,10,Mon,0,118,0
49,2022-02-07,2022-02-07T10:15:00Z,10,Mon,0,115,0
49,2022-02-07,2022-02-07T10:16:00Z,10,Mon,0,115,0
49,2022-02-07,2022-02-07T10:17:00Z,10,Mon,0,116,0
49,2022-02-07,2022-02-07T10:18:00Z,10,Mon,0,119,0
49,2022-02-07,2022-02-07T10:19:00Z,10,Mon,0,117,0
49,2022-02-07,2022-02-07T10:20:00Z,10,Mon,0,113,0
49,2022-02-07,2022-02-07T10:21:00Z,10,Mon,0,113,0
49,2022-02-07,2022-02-07T10:22:00Z,10,Mon,0,110,0
49,2022-02-07,2022-02-07T10:23:00Z,10,Mon,0,106,0
49,2022-02-07,2022-02-07T10:24:00Z,10,Mon,0,114,0
49,2022-02-07,2022-02-07T10:25:00Z,10,Mon,0,111,0
49,2022-02-07,2022-02-07T10:26:00Z,10,Mon,9,113,1
49,2022-02-07,2022-02-07T10:27:00Z,10,Mon,0,108,0
49,2022-02-07,2022-02-07T10:28:00Z,10,Mon,0,109,0
49,2022-02-07,2022-02-07T10:29:00Z,10,Mon,0,112,0
49,2022-02-07,2022-02-07T10:30:00Z,10,Mon,0,106,0
49,2022-02-07,2022-02-07T10:31:00Z,10,Mon,0,107,0
49,2022-02-07,2022-02-07T10:32:00Z,10,Mon,0,107,0
49,2022-02-07,2022-02-07T10:33:00Z,10,Mon,0,107,0
49,2022-02-07,2022-02-07T10:34:00Z,10,Mon,0,108,0
49,2022-02-07,2022-02-07T10:35:00Z,10,Mon,0,109,0
49,2022-02-07,2022-02-07T10:36:00Z,10,Mon,0,110,0
49,2022-02-07,2022-02-07T10:37:00Z,10,Mon,0,111,0
49,2022-02-07,2022-02-07T10:38:00Z,10,Mon,0,111,0
49,2022-02-07,2022-02-07T10:39:00Z,10,Mon,0,111,0
49,2022-02-07,2022-02-07T10:40:00Z,10,Mon,0,112,0
49,2022-02-07,2022-02-07T10:41:00Z,10,Mon,0,112,0
49,2022-02-07,2022-02-07T10:42:00Z,10,Mon,0,113,0
49,2022-02-07,2022-02-07T10:43:00Z,10,Mon,0,113,0
49,2022-02-07,2022-02-07T10:44:00Z,10,Mon,0,110,0
49,2022-02-07,2022-02-07T10:45:00Z,10,Mon,0,113,0
49,2022-02-07,2022-02-07T10:46:00Z,10,Mon,0,114,0
49,2022-02-07,2022-02-07T10:47:00Z,10,Mon,0,113,0
49,2022-02-07,2022-02-07T10:48:00Z,10,Mon,0,110,0
49,2022-02-07,2022-02-07T10:49:00Z,10,Mon,0,108,0
49,2022-02-07,2022-02-07T10:50:00Z,10,Mon,0,110,0
49,2022-02-07,2022-02-07T10:51:00Z,10,Mon,0,109,0
49,2022-02-07,2022-02-07T10:52:00Z,10,Mon,0,109,0
49,2022-02-07,2022-02-07T10:53:00Z,10,Mon,0,108,0
49,2022-02-07,2022-02-07T10:54:00Z,10,Mon,0,107,0
49,2022-02-07,2022-02-07T10:55:00Z,10,Mon,18,109,1
49,2022-02-07,2022-02-07T10:56:00Z,10,Mon,12,111,1
49,2022-02-07,2022-02-07T10:57:00Z,10,Mon,0,110,0
49,2022-02-07,2022-02-07T10:58:00Z,10,Mon,0,107,0
49,2022-02-07,2022-02-07T10:59:00Z,10,Mon,0,109,0
49,2022-02-07,2022-02-07T11:00:00Z,11,Mon,0,110,0
49,2022-02-07,2022-02-07T11:01:00Z,11,Mon,0,114,0
49,2022-02-07,2022-02-07T11:02:00Z,11,Mon,0,108,0
49,2022-02-07,2022-02-07T11:03:00Z,11,Mon,0,106,0
49,2022-02-07,2022-02-07T11:04:00Z,11,Mon,0,101,0
49,2022-02-07,2022-02-07T11:05:00Z,11,Mon,0,101,0
49,2022-02-07,2022-02-07T11:06:00Z,11,Mon,0,106,0
49,2022-02-07,2022-02-07T11:07:00Z,11,Mon,0,110,0
49,2022-02-07,2022-02-07T11:08:00Z,11,Mon,0,109,0
49,2022-02-07,2022-02-07T11:09:00Z,11,Mon,0,110,0
49,2022-02-07,2022-02-07T11:10:00Z,11,Mon,0,110,0
49,2022-02-07,2022-02-07T11:11:00Z,11,Mon,0,111,0
49,2022-02-07,2022-02-07T11:12:00Z,11,Mon,0,111,0
49,2022-02-07,2022-02-07T11:13:00Z,11,Mon,0,110,0
49,2022-02-07,2022-02-07T11:14:00Z,11,Mon,0,111,0
49,2022-02-07,2022-02-07T11:15:00Z,11,Mon,0,109,0
49,2022-02-07,2022-02-07T11:16:00Z,11,Mon,0,106,0
49,2022-02-07,2022-02-07T11:17:00Z,11,Mon,0,108,0
49,2022-02-07,2022-02-07T11:18:00Z,11,Mon,0,105,0
49,2022-02-07,2022-02-07T11:19:00Z,11,Mon,16,108,1
49,2022-02-07,2022-02-07T11:20:00Z,11,Mon,38,122,1
49,2022-02-07,2022-02-07T11:21:00Z,11,Mon,11,113,1
49,2022-02-07,2022-02-07T11:22:00Z,11,Mon,0,117,0
49,2022-02-07,2022-02-07T11:23:00Z,11,Mon,0,110,0
49,2022-02-07,2022-02-07T11:24:00Z,11,Mon,10,115,1
49,2022-02-07,2022-02-07T11:25:00Z,11,Mon,15,122,1
49,2022-02-07,2022-02-07T11:26:00Z,11,Mon,0,125,0
49,2022-02-07,2022-02-07T11:27:00Z,11,Mon,19,129,1
49,2022-02-07,2022-02-07T11:28:00Z,11,Mon,5,121,1
49,2022-02-07,2022-02-07T11:29:00Z,11,Mon,0,114,0
49,2022-02-07,2022-02-07T11:30:00Z,11,Mon,15,128,1
49,2022-02-07,2022-02-07T11:31:00Z,11,Mon,0,114,0
49,2022-02-07,2022-02-07T11:32:00Z,11,Mon,13,112,1
49,2022-02-07,2022-02-07T11:33:00Z,11,Mon,18,122,1
49,2022-02-07,2022-02-07T11:34:00Z,11,Mon,57,115,1
49,2022-02-07,2022-02-07T11:35:00Z,11,Mon,25,121,1
49,2022-02-07,2022-02-07T11:36:00Z,11,Mon,18,114,1
49,2022-02-07,2022-02-07T11:37:00Z,11,Mon,98,119,1
49,2022-02-07,2022-02-07T11:38:00Z,11,Mon,99,123,1
49,2022-02-07,2022-02-07T11:39:00Z,11,Mon,88,121,1
49,2022-02-07,2022-02-07T11:40:00Z,11,Mon,28,121,1
49,2022-02-07,2022-02-07T11:41:00Z,11,Mon,20,119,1
49,2022-02-07,2022-02-07T11:42:00Z,11,Mon,26,126,1
49,2022-02-07,2022-02-07T11:43:00Z,11,Mon,50,127,1
49,2022-02-07,2022-02-07T11:44:00Z,11,Mon,42,119,1
49,2022-02-07,2022-02-07T11:45:00Z,11,Mon,88,110,1
49,2022-02-07,2022-02-07T11:46:00Z,11,Mon,18,111,1
49,2022-02-07,2022-02-07T11:47:00Z,11,Mon,73,116,1
49,2022-02-07,2022-02-07T11:48:00Z,11,Mon,63,123,1
49,2022-02-07,2022-02-07T11:49:00Z,11,Mon,85,120,1
49,2022-02-07,2022-02-07T11:50:00Z,11,Mon,84,124,1
49,2022-02-07,2022-02-07T11:51:00Z,11,Mon,66,120,1
49,2022-02-07,2022-02-07T11:52:00Z,11,Mon,82,108,1
49,2022-02-07,2022-02-07T11:53:00Z,11,Mon,55,112,1
49,2022-02-07,2022-02-07T11:54:00Z,11,Mon,46,111,1
49,2022-02-07,2022-02-07T11:55:00Z,11,Mon,0,115,0
49,2022-02-07,2022-02-07T11:56:00Z,11,Mon,0,111,0
49,2022-02-07,2022-02-07T11:57:00Z,11,Mon,21,100,1
49,2022-02-07,2022-02-07T11:58:00Z,11,Mon,91,112,1
49,2022-02-07,2022-02-07T11:59:00Z,11,Mon,0,111,0
49,2022-02-07,2022-02-07T12:00:00Z,12,Mon,0,111,0
49,2022-02-07,2022-02-07T12:01:00Z,12,Mon,0,111,0
49,2022-02-07,2022-02-07T12:02:00Z,12,Mon,0,110,0
49,2022-02-07,2022-02-07T12:03:00Z,12,Mon,0,110,0
49,2022-02-07,2022-02-07T12:04:00Z,12,Mon,0,111,0
49,2022-02-07,2022-02-07T12:05:00Z,12,Mon,0,111,0
49,2022-02-07,2022-02-07T12:06:00Z,12,Mon,0,113,0
49,2022-02-07,2022-02-07T12:07:00Z,12,Mon,0,109,0
49,2022-02-07,2022-02-07T12:08:00Z,12,Mon,28,108,1
49,2022-02-07,2022-02-07T12:09:00Z,12,Mon,0,108,0
49,2022-02-07,2022-02-07T12:10:00Z,12,Mon,0,106,0
49,2022-02-07,2022-02-07T12:11:00Z,12,Mon,0,103,0
49,2022-02-07,2022-02-07T12:12:00Z,12,Mon,0,100,0
49,2022-02-07,2022-02-07T12:13:00Z,12,Mon,0,97,0
49,2022-02-07,2022-02-07T12:14:00Z,12,Mon,0,99,0
49,2022-02-07,2022-02-07T12:15:00Z,12,Mon,0,101,0
49,2022-02-07,2022-02-07T12:16:00Z,12,Mon,0,102,0
49,2022-02-07,2022-02-07T12:17:00Z,12,Mon,0,101,0
49,2022-02-07,2022-02-07T12:18:00Z,12,Mon,0,103,0
49,2022-02-07,2022-02-07T12:19:00Z,12,Mon,0,100,0
49,2022-02-07,2022-02-07T12:20:00Z,12,Mon,0,102,0
49,2022-02-07,2022-02-07T12:21:00Z,12,Mon,0,104,0
49,2022-02-07,2022-02-07T12:22:00Z,12,Mon,0,102,0
49,2022-02-07,2022-02-07T12:23:00Z,12,Mon,0,101,0
49,2022-02-07,2022-02-07T12:24:00Z,12,Mon,0,103,0
49,2022-02-07,2022-02-07T12:25:00Z,12,Mon,0,104,0
49,2022-02-07,2022-02-07T12:26:00Z,12,Mon,0,100,0
49,2022-02-07,2022-02-07T12:27:00Z,12,Mon,0,98,0
49,2022-02-07,2022-02-07T12:28:00Z,12,Mon,0,97,0
49,2022-02-07,2022-02-07T12:29:00Z,12,Mon,0,102,0
49,2022-02-07,2022-02-07T12:30:00Z,12,Mon,0,100,0
49,2022-02-07,2022-02-07T12:31:00Z,12,Mon,0,101,0
49,2022-02-07,2022-02-07T12:32:00Z,12,Mon,20,104,1
49,2022-02-07,2022-02-07T12:33:00Z,12,Mon,38,107,1
49,2022-02-07,2022-02-07T12:34:00Z,12,Mon,0,75,0
49,2022-02-07,2022-02-07T12:35:00Z,12,Mon,0,96,0
49,2022-02-07,2022-02-07T12:36:00Z,12,Mon,0,108,0
49,2022-02-07,2022-02-07T12:37:00Z,12,Mon,0,107,0
49,2022-02-07,2022-02-07T12:38:00Z,12,Mon,0,104,0
49,2022-02-07,2022-02-07T12:39:00Z,12,Mon,0,101,0
49,2022-02-07,2022-02-07T12:40:00Z,12,Mon,0,101,0
49,2022-02-07,2022-02-07T12:41:00Z,12,Mon,0,101,0
49,2022-02-07,2022-02-07T12:42:00Z,12,Mon,0,83,0
49,2022-02-07,2022-02-07T12:43:00Z,12,Mon,0,106,0
49,2022-02-07,2022-02-07T12:44:00Z,12,Mon,0,102,0
49,2022-02-07,2022-02-07T12:45:00Z,12,Mon,0,104,0
49,2022-02-07,2022-02-07T12:46:00Z,12,Mon,0,102,0
49,2022-02-07,2022-02-07T12:47:00Z,12,Mon,0,105,0
49,2022-02-07,2022-02-07T12:48:00Z,12,Mon,0,102,0
49,2022-02-07,2022-02-07T12:49:00Z,12,Mon,0,101,0
49,2022-02-07,2022-02-07T12:50:00Z,12,Mon,0,102,0
49,2022-02-07,2022-02-07T12:51:00Z,12,Mon,0,102,0
49,2022-02-07,2022-02-07T12:52:00Z,12,Mon,0,100,0
49,2022-02-07,2022-02-07T12:53:00Z,12,Mon,0,103,0
49,2022-02-07,2022-02-07T12:54:00Z,12,Mon,0,100,0
49,2022-02-07,2022-02-07T12:55:00Z,12,Mon,0,99,0
49,2022-02-07,2022-02-07T12:56:00Z,12,Mon,0,100,0
49,2022-02-07,2022-02-07T12:57:00Z,12,Mon,0,108,0
49,2022-02-07,2022-02-07T12:58:00Z,12,Mon,0,110,0
49,2022-02-07,2022-02-07T12:59:00Z,12,Mon,0,111,0
49,2022-02-07,2022-02-07T13:00:00Z,13,Mon,0,111,0
49,2022-02-07,2022-02-07T13:01:00Z,13,Mon,0,107,0
49,2022-02-07,2022-02-07T13:02:00Z,13,Mon,23,107,1
49,2022-02-07,2022-02-07T13:03:00Z,13,Mon,5,108,1
49,2022-02-07,2022-02-07T13:04:00Z,13,Mon,0,106,0
49,2022-02-07,2022-02-07T13:05:00Z,13,Mon,0,104,0
49,2022-02-07,2022-02-07T13:06:00Z,13,Mon,0,103,0
49,2022-02-07,2022-02-07T13:07:00Z,13,Mon,0,102,0
49,2022-02-07,2022-02-07T13:08:00Z,13,Mon,0,104,0
49,2022-02-07,2022-02-07T13:09:00Z,13,Mon,0,113,0
49,2022-02-07,2022-02-07T13:10:00Z,13,Mon,0,114,0
49,2022-02-07,2022-02-07T13:11:00Z,13,Mon,0,118,0
49,2022-02-07,2022-02-07T13:12:00Z,13,Mon,0,119,0
49,2022-02-07,2022-02-07T13:13:00Z,13,Mon,0,117,0
49,2022-02-07,2022-02-07T13:14:00Z,13,Mon,0,119,0
49,2022-02-07,2022-02-07T13:15:00Z,13,Mon,0,121,0
49,2022-02-07,2022-02-07T13:16:00Z,13,Mon,0,120,0
49,2022-02-07,2022-02-07T13:17:00Z,13,Mon,0,123,0
49,2022-02-07,2022-02-07T13:18:00Z,13,Mon,0,119,0
49,2022-02-07,2022-02-07T13:19:00Z,13,Mon,0,116,0
49,2022-02-07,2022-02-07T13:20:00Z,13,Mon,0,107,0
49,2022-02-07,2022-02-07T13:21:00Z,13,Mon,0,104,0
49,2022-02-07,2022-02-07T13:22:00Z,13,Mon,0,99,0
49,2022-02-07,2022-02-07T13:23:00Z,13,Mon,0,99,0
49,2022-02-07,2022-02-07T13:24:00Z,13,Mon,0,108,0
49,2022-02-07,2022-02-07T13:25:00Z,13,Mon,0,110,0
49,2022-02-07,2022-02-07T13:26:00Z,13,Mon,0,108,0
49,2022-02-07,2022-02-07T13:27:00Z,13,Mon,0,108,0
49,2022-02-07,2022-02-07T13:28:00Z,13,Mon,0,110,0
49,2022-02-07,2022-02-07T13:29:00Z,13,Mon,0,111,0
49,2022-02-07,2022-02-07T13:30:00Z,13,Mon,0,109,0
49,2022-02-07,2022-02-07T13:31:00Z,13,Mon,0,109,0
49,2022-02-07,2022-02-07T13:32:00Z,13,Mon,0,110,0
49,2022-02-07,2022-02-07T13:33:00Z,13,Mon,0,109,0
49,2022-02-07,2022-02-07T13:34:00Z,13,Mon,0,110,0
49,2022-02-07,2022-02-07T13:35:00Z,13,Mon,0,110,0
49,2022-02-07,2022-02-07T13:36:00Z,13,Mon,0,110,0
49,2022-02-07,2022-02-07T13:37:00Z,13,Mon,0,108,0
49,2022-02-07,2022-02-07T13:38:00Z,13,Mon,0,111,0
49,2022-02-07,2022-02-07T13:39:00Z,13,Mon,0,109,0
49,2022-02-07,2022-02-07T13:40:00Z,13,Mon,15,117,1
49,2022-02-07,2022-02-07T13:41:00Z,13,Mon,7,125,1
49,2022-02-07,2022-02-07T13:42:00Z,13,Mon,0,117,0
49,2022-02-07,2022-02-07T13:43:00Z,13,Mon,0,113,0
49,2022-02-07,2022-02-07T13:44:00Z,13,Mon,0,116,0
49,2022-02-07,2022-02-07T13:45:00Z,13,Mon,42,117,1
49,2022-02-07,2022-02-07T13:46:00Z,13,Mon,0,114,0
49,2022-02-07,2022-02-07T13:47:00Z,13,Mon,0,110,0
49,2022-02-07,2022-02-07T13:48:00Z,13,Mon,0,111,0
49,2022-02-07,2022-02-07T13:49:00Z,13,Mon,0,120,0
49,2022-02-07,2022-02-07T13:50:00Z,13,Mon,0,111,0
49,2022-02-07,2022-02-07T13:51:00Z,13,Mon,0,107,0
49,2022-02-07,2022-02-07T13:52:00Z,13,Mon,0,104,0
49,2022-02-07,2022-02-07T13:53:00Z,13,Mon,0,112,0
49,2022-02-07,2022-02-07T13:54:00Z,13,Mon,0,112,0
49,2022-02-07,2022-02-07T13:55:00Z,13,Mon,0,113,0
49,2022-02-07,2022-02-07T13:56:00Z,13,Mon,0,113,0
49,2022-02-07,2022-02-07T13:57:00Z,13,Mon,0,113,0
49,2022-02-07,2022-02-07T13:58:00Z,13,Mon,0,114,0
49,2022-02-07,2022-02-07T13:59:00Z,13,Mon,0,111,0
49,2022-02-07,2022-02-07T14:00:00Z,14,Mon,0,114,0
49,2022-02-07,2022-02-07T14:01:00Z,14,Mon,0,114,0
49,2022-02-07,2022-02-07T14:02:00Z,14,Mon,0,112,0
49,2022-02-07,2022-02-07T14:03:00Z,14,Mon,0,112,0
49,2022-02-07,2022-02-07T14:04:00Z,14,Mon,0,113,0
49,2022-02-07,2022-02-07T14:05:00Z,14,Mon,0,115,0
49,2022-02-07,2022-02-07T14:06:00Z,14,Mon,0,114,0
49,2022-02-07,2022-02-07T14:07:00Z,14,Mon,0,112,0
49,2022-02-07,2022-02-07T14:08:00Z,14,Mon,0,113,0
49,2022-02-07,2022-02-07T14:09:00Z,14,Mon,0,111,0
49,2022-02-07,2022-02-07T14:10:00Z,14,Mon,0,109,0
49,2022-02-07,2022-02-07T14:11:00Z,14,Mon,0,113,0
49,2022-02-07,2022-02-07T14:12:00Z,14,Mon,0,109,0
49,2022-02-07,2022-02-07T14:13:00Z,14,Mon,0,99,0
49,2022-02-07,2022-02-07T14:14:00Z,14,Mon,0,95,0
49,2022-02-07,2022-02-07T14:15:00Z,14,Mon,0,103,0
49,2022-02-07,2022-02-07T14:16:00Z,14,Mon,0,80,0
49,2022-02-07,2022-02-07T14:17:00Z,14,Mon,0,107,0
49,2022-02-07,2022-02-07T14:18:00Z,14,Mon,0,116,0
49,2022-02-07,2022-02-07T14:19:00Z,14,Mon,0,111,0
49,2022-02-07,2022-02-07T14:20:00Z,14,Mon,0,111,0
49,2022-02-07,2022-02-07T14:21:00Z,14,Mon,0,114,0
49,2022-02-07,2022-02-07T14:22:00Z,14,Mon,0,113,0
49,2022-02-07,2022-02-07T14:23:00Z,14,Mon,0,110,0
49,2022-02-07,2022-02-07T14:24:00Z,14,Mon,24,115,1
49,2022-02-07,2022-02-07T14:25:00Z,14,Mon,0,119,0
49,2022-02-07,2022-02-07T14:26:00Z,14,Mon,0,118,0
49,2022-02-07,2022-02-07T14:27:00Z,14,Mon,0,114,0
49,2022-02-07,2022-02-07T14:28:00Z,14,Mon,0,112,0
49,2022-02-07,2022-02-07T14:29:00Z,14,Mon,0,109,0
49,2022-02-07,2022-02-07T14:30:00Z,14,Mon,0,119,0
49,2022-02-07,2022-02-07T14:31:00Z,14,Mon,0,122,0
49,2022-02-07,2022-02-07T14:32:00Z,14,Mon,0,101,0
49,2022-02-07,2022-02-07T14:33:00Z,14,Mon,0,98,0
49,2022-02-07,2022-02-07T14:34:00Z,14,Mon,0,100,0
49,2022-02-07,2022-02-07T14:35:00Z,14,Mon,0,102,0
49,2022-02-07,2022-02-07T14:36:00Z,14,Mon,0,105,0
49,2022-02-07,2022-02-07T14:37:00Z,14,Mon,0,107,0
49,2022-02-07,2022-02-07T14:38:00Z,14,Mon,0,106,0
49,2022-02-07,2022-02-07T14:39:00Z,14,Mon,0,104,0
49,2022-02-07,2022-02-07T14:40:00Z,14,Mon,0,106,0
49,2022-02-07,2022-02-07T14:41:00Z,14,Mon,0,103,0
49,2022-02-07,2022-02-07T14:42:00Z,14,Mon,0,102,0
49,2022-02-07,2022-02-07T14:43:00Z,14,Mon,0,104,0
49,2022-02-07,2022-02-07T14:44:00Z,14,Mon,0,103,0
49,2022-02-07,2022-02-07T14:45:00Z,14,Mon,0,104,0
49,2022-02-07,2022-02-07T14:46:00Z,14,Mon,0,104,0
49,2022-02-07,2022-02-07T14:47:00Z,14,Mon,0,102,0
49,2022-02-07,2022-02-07T14:48:00Z,14,Mon,0,102,0
49,2022-02-07,2022-02-07T14:49:00Z,14,Mon,12,103,1
49,2022-02-07,2022-02-07T14:50:00Z,14,Mon,0,115,0
49,2022-02-07,2022-02-07T14:51:00Z,14,Mon,0,114,0
49,2022-02-07,2022-02-07T14:52:00Z,14,Mon,0,112,0
49,2022-02-07,2022-02-07T14:53:00Z,14,Mon,0,112,0
49,2022-02-07,2022-02-07T14:54:00Z,14,Mon,0,113,0
49,2022-02-07,2022-02-07T14:55:00Z,14,Mon,0,110,0
49,2022-02-07,2022-02-07T14:56:00Z,14,Mon,0,107,0
49,2022-02-07,2022-02-07T14:57:00Z,14,Mon,0,108,0
49,2022-02-07,2022-02-07T14:58:00Z,14,Mon,0,108,0
49,2022-02-07,2022-02-07T14:59:00Z,14,Mon,16,114,1
49,2022-02-07,2022-02-07T15:00:00Z,15,Mon,0,116,0
49,2022-02-07,2022-02-07T15:01:00Z,15,Mon,0,115,0
49,2022-02-07,2022-02-07T15:02:00Z,15,Mon,0,114,0
49,2022-02-07,2022-02-07T15:03:00Z,15,Mon,0,110,0
49,2022-02-07,2022-02-07T15:04:00Z,15,Mon,0,107,0
49,2022-02-07,2022-02-07T15:05:00Z,15,Mon,0,107,0
49,2022-02-07,2022-02-07T15:06:00Z,15,Mon,0,108,0
49,2022-02-07,2022-02-07T15:07:00Z,15,Mon,0,112,0
49,2022-02-07,2022-02-07T15:08:00Z,15,Mon,0,111,0
49,2022-02-07,2022-02-07T15:09:00Z,15,Mon,0,110,0
49,2022-02-07,2022-02-07T15:10:00Z,15,Mon,0,102,0
49,2022-02-07,2022-02-07T15:11:00Z,15,Mon,0,102,0
49,2022-02-07,2022-02-07T15:12:00Z,15,Mon,0,102,0
49,2022-02-07,2022-02-07T15:13:00Z,15,Mon,0,101,0
49,2022-02-07,2022-02-07T15:14:00Z,15,Mon,0,103,0
49,2022-02-07,2022-02-07T15:15:00Z,15,Mon,0,104,0
49,2022-02-07,2022-02-07T15:16:00Z,15,Mon,0,108,0
49,2022-02-07,2022-02-07T15:17:00Z,15,Mon,0,108,0
49,2022-02-07,2022-02-07T15:18:00Z,15,Mon,0,106,0
49,2022-02-07,2022-02-07T15:19:00Z,15,Mon,0,107,0
49,2022-02-07,2022-02-07T15:20:00Z,15,Mon,0,106,0
49,2022-02-07,2022-02-07T15:21:00Z,15,Mon,0,107,0
49,2022-02-07,2022-02-07T15:22:00Z,15,Mon,0,109,0
49,2022-02-07,2022-02-07T15:23:00Z,15,Mon,0,112,0
49,2022-02-07,2022-02-07T15:24:00Z,15,Mon,0,113,0
49,2022-02-07,2022-02-07T15:25:00Z,15,Mon,0,105,0
49,2022-02-07,2022-02-07T15:26:00Z,15,Mon,0,105,0
49,2022-02-07,2022-02-07T15:27:00Z,15,Mon,0,106,0
49,2022-02-07,2022-02-07T15:28:00Z,15,Mon,0,96,0
49,2022-02-07,2022-02-07T15:29:00Z,15,Mon,0,88,0
49,2022-02-07,2022-02-07T15:30:00Z,15,Mon,0,82,0
49,2022-02-07,2022-02-07T15:31:00Z,15,Mon,0,82,0
49,2022-02-07,2022-02-07T15:32:00Z,15,Mon,0,84,0
49,2022-02-07,2022-02-07T15:33:00Z,15,Mon,0,85,0
49,2022-02-07,2022-02-07T15:34:00Z,15,Mon,0,86,0
49,2022-02-07,2022-02-07T15:35:00Z,15,Mon,0,86,0
49,2022-02-07,2022-02-07T15:36:00Z,15,Mon,0,86,0
49,2022-02-07,2022-02-07T15:37:00Z,15,Mon,0,85,0
49,2022-02-07,2022-02-07T15:38:00Z,15,Mon,0,85,0
49,2022-02-07,2022-02-07T15:39:00Z,15,Mon,0,83,0
49,2022-02-07,2022-02-07T15:40:00Z,15,Mon,0,82,0
49,2022-02-07,2022-02-07T15:41:00Z,15,Mon,0,94,0
49,2022-02-07,2022-02-07T15:42:00Z,15,Mon,0,105,0
49,2022-02-07,2022-02-07T15:43:00Z,15,Mon,0,113,0
49,2022-02-07,2022-02-07T15:44:00Z,15,Mon,0,110,0
49,2022-02-07,2022-02-07T15:45:00Z,15,Mon,0,109,0
49,2022-02-07,2022-02-07T15:46:00Z,15,Mon,41,111,1
49,2022-02-07,2022-02-07T15:47:00Z,15,Mon,42,109,1
49,2022-02-07,2022-02-07T15:48:00Z,15,Mon,12,98,1
49,2022-02-07,2022-02-07T15:49:00Z,15,Mon,0,93,0
49,2022-02-07,2022-02-07T15:50:00Z,15,Mon,0,92,0
49,2022-02-07,2022-02-07T15:51:00Z,15,Mon,0,93,0
49,2022-02-07,2022-02-07T15:52:00Z,15,Mon,0,117,0
49,2022-02-07,2022-02-07T15:53:00Z,15,Mon,7,136,1
49,2022-02-07,2022-02-07T15:54:00Z,15,Mon,0,123,0
49,2022-02-07,2022-02-07T15:55:00Z,15,Mon,0,121,0
49,2022-02-07,2022-02-07T15:56:00Z,15,Mon,40,125,1
49,2022-02-07,2022-02-07T15:57:00Z,15,Mon,0,121,0
49,2022-02-07,2022-02-07T15:58:00Z,15,Mon,0,107,0
49,2022-02-07,2022-02-07T15:59:00Z,15,Mon,0,113,0
49,2022-02-07,2022-02-07T16:00:00Z,16,Mon,0,113,0
49,2022-02-07,2022-02-07T16:01:00Z,16,Mon,0,110,0
49,2022-02-07,2022-02-07T16:02:00Z,16,Mon,0,129,0
49,2022-02-07,2022-02-07T16:03:00Z,16,Mon,0,137,1
49,2022-02-07,2022-02-07T16:04:00Z,16,Mon,0,124,0
49,2022-02-07,2022-02-07T16:05:00Z,16,Mon,0,122,0
49,2022-02-07,2022-02-07T16:06:00Z,16,Mon,0,117,0
49,2022-02-07,2022-02-07T16:07:00Z,16,Mon,0,116,0
49,2022-02-07,2022-02-07T16:08:00Z,16,Mon,0,116,0
49,2022-02-07,2022-02-07T16:09:00Z,16,Mon,0,118,0
49,2022-02-07,2022-02-07T16:10:00Z,16,Mon,0,121,0
49,2022-02-07,2022-02-07T16:11:00Z,16,Mon,0,119,0
49,2022-02-07,2022-02-07T16:12:00Z,16,Mon,0,112,0
49,2022-02-07,2022-02-07T16:13:00Z,16,Mon,0,113,0
49,2022-02-07,2022-02-07T16:14:00Z,16,Mon,19,116,1
49,2022-02-07,2022-02-07T16:15:00Z,16,Mon,0,115,0
49,2022-02-07,2022-02-07T16:16:00Z,16,Mon,0,111,0
49,2022-02-07,2022-02-07T16:17:00Z,16,Mon,0,109,0
49,2022-02-07,2022-02-07T16:18:00Z,16,Mon,0,115,0
49,2022-02-07,2022-02-07T16:19:00Z,16,Mon,0,113,0
49,2022-02-07,2022-02-07T16:20:00Z,16,Mon,0,110,0
49,2022-02-07,2022-02-07T16:21:00Z,16,Mon,0,107,0
49,2022-02-07,2022-02-07T16:22:00Z,16,Mon,0,102,0
49,2022-02-07,2022-02-07T16:23:00Z,16,Mon,0,107,0
49,2022-02-07,2022-02-07T16:24:00Z,16,Mon,0,110,0
49,2022-02-07,2022-02-07T16:25:00Z,16,Mon,0,103,0
49,2022-02-07,2022-02-07T16:26:00Z,16,Mon,0,111,0
49,2022-02-07,2022-02-07T16:27:00Z,16,Mon,0,111,0
49,2022-02-07,2022-02-07T16:28:00Z,16,Mon,0,109,0
49,2022-02-07,2022-02-07T16:29:00Z,16,Mon,0,108,0
49,2022-02-07,2022-02-07T16:30:00Z,16,Mon,0,108,0
49,2022-02-07,2022-02-07T16:31:00Z,16,Mon,0,108,0
49,2022-02-07,2022-02-07T16:32:00Z,16,Mon,0,108,0
49,2022-02-07,2022-02-07T16:33:00Z,16,Mon,0,108,0
49,2022-02-07,2022-02-07T16:34:00Z,16,Mon,0,108,0
49,2022-02-07,2022-02-07T16:35:00Z,16,Mon,0,110,0
49,2022-02-07,2022-02-07T16:36:00Z,16,Mon,0,108,0
49,2022-02-07,2022-02-07T16:37:00Z,16,Mon,0,108,0
49,2022-02-07,2022-02-07T16:38:00Z,16,Mon,0,110,0
49,2022-02-07,2022-02-07T16:39:00Z,16,Mon,0,106,0
49,2022-02-07,2022-02-07T16:40:00Z,16,Mon,0,107,0
49,2022-02-07,2022-02-07T16:41:00Z,16,Mon,0,109,0
49,2022-02-07,2022-02-07T16:42:00Z,16,Mon,0,111,0
49,2022-02-07,2022-02-07T16:43:00Z,16,Mon,0,110,0
49,2022-02-07,2022-02-07T16:44:00Z,16,Mon,0,110,0
49,2022-02-07,2022-02-07T16:45:00Z,16,Mon,0,110,0
49,2022-02-07,2022-02-07T16:46:00Z,16,Mon,0,111,0
49,2022-02-07,2022-02-07T16:47:00Z,16,Mon,0,112,0
49,2022-02-07,2022-02-07T16:48:00Z,16,Mon,0,113,0
49,2022-02-07,2022-02-07T16:49:00Z,16,Mon,0,114,0
49,2022-02-07,2022-02-07T16:50:00Z,16,Mon,0,114,0
49,2022-02-07,2022-02-07T16:51:00Z,16,Mon,0,113,0
49,2022-02-07,2022-02-07T16:52:00Z,16,Mon,0,113,0
49,2022-02-07,2022-02-07T16:53:00Z,16,Mon,0,111,0
49,2022-02-07,2022-02-07T16:54:00Z,16,Mon,0,112,0
49,2022-02-07,2022-02-07T16:55:00Z,16,Mon,0,108,0
49,2022-02-07,2022-02-07T16:56:00Z,16,Mon,0,110,0
49,2022-02-07,2022-02-07T16:57:00Z,16,Mon,0,107,0
49,2022-02-07,2022-02-07T16:58:00Z,16,Mon,0,108,0
49,2022-02-07,2022-02-07T16:59:00Z,16,Mon,0,110,0
49,2022-02-07,2022-02-07T17:00:00Z,17,Mon,0,111,0
49,2022-02-07,2022-02-07T17:01:00Z,17,Mon,0,109,0
49,2022-02-07,2022-02-07T17:02:00Z,17,Mon,0,110,0
49,2022-02-07,2022-02-07T17:03:00Z,17,Mon,0,110,0
49,2022-02-07,2022-02-07T17:04:00Z,17,Mon,0,110,0
49,2022-02-07,2022-02-07T17:05:00Z,17,Mon,0,108,0
49,2022-02-07,2022-02-07T17:06:00Z,17,Mon,0,109,0
49,2022-02-07,2022-02-07T17:07:00Z,17,Mon,0,110,0
49,2022-02-07,2022-02-07T17:08:00Z,17,Mon,0,111,0
49,2022-02-07,2022-02-07T17:09:00Z,17,Mon,0,107,0
49,2022-02-07,2022-02-07T17:10:00Z,17,Mon,0,109,0
49,2022-02-07,2022-02-07T17:11:00Z,17,Mon,0,110,0
49,2022-02-07,2022-02-07T17:12:00Z,17,Mon,0,111,0
49,2022-02-07,2022-02-07T17:13:00Z,17,Mon,0,112,0
49,2022-02-07,2022-02-07T17:14:00Z,17,Mon,0,110,0
49,2022-02-07,2022-02-07T17:15:00Z,17,Mon,0,110,0
49,2022-02-07,2022-02-07T17:16:00Z,17,Mon,0,112,0
49,2022-02-07,2022-02-07T17:17:00Z,17,Mon,0,111,0
49,2022-02-07,2022-02-07T17:18:00Z,17,Mon,0,113,0
49,2022-02-07,2022-02-07T17:19:00Z,17,Mon,0,109,0
49,2022-02-07,2022-02-07T17:20:00Z,17,Mon,0,109,0
49,2022-02-07,2022-02-07T17:21:00Z,17,Mon,0,110,0
49,2022-02-07,2022-02-07T17:22:00Z,17,Mon,0,110,0
49,2022-02-07,2022-02-07T17:23:00Z,17,Mon,0,111,0
49,2022-02-07,2022-02-07T17:24:00Z,17,Mon,0,112,0
49,2022-02-07,2022-02-07T17:25:00Z,17,Mon,0,114,0
49,2022-02-07,2022-02-07T17:26:00Z,17,Mon,0,111,0
49,2022-02-07,2022-02-07T17:27:00Z,17,Mon,0,113,0
49,2022-02-07,2022-02-07T17:28:00Z,17,Mon,0,109,0
49,2022-02-07,2022-02-07T17:29:00Z,17,Mon,0,108,0
49,2022-02-07,2022-02-07T17:30:00Z,17,Mon,0,111,0
49,2022-02-07,2022-02-07T17:31:00Z,17,Mon,0,115,0
49,2022-02-07,2022-02-07T17:32:00Z,17,Mon,15,120,1
49,2022-02-07,2022-02-07T17:33:00Z,17,Mon,0,108,0
49,2022-02-07,2022-02-07T17:34:00Z,17,Mon,0,107,0
49,2022-02-07,2022-02-07T17:35:00Z,17,Mon,0,107,0
49,2022-02-07,2022-02-07T17:36:00Z,17,Mon,0,109,0
49,2022-02-07,2022-02-07T17:37:00Z,17,Mon,0,109,0
49,2022-02-07,2022-02-07T17:38:00Z,17,Mon,0,113,0
49,2022-02-07,2022-02-07T17:39:00Z,17,Mon,0,109,0
49,2022-02-07,2022-02-07T17:40:00Z,17,Mon,0,110,0
49,2022-02-07,2022-02-07T17:41:00Z,17,Mon,0,110,0
49,2022-02-07,2022-02-07T17:42:00Z,17,Mon,0,112,0
49,2022-02-07,2022-02-07T17:43:00Z,17,Mon,7,110,1
49,2022-02-07,2022-02-07T17:44:00Z,17,Mon,8,115,1
49,2022-02-07,2022-02-07T17:45:00Z,17,Mon,8,119,1
49,2022-02-07,2022-02-07T17:46:00Z,17,Mon,34,127,1
49,2022-02-07,2022-02-07T17:47:00Z,17,Mon,0,120,0
49,2022-02-07,2022-02-07T17:48:00Z,17,Mon,0,121,0
49,2022-02-07,2022-02-07T17:49:00Z,17,Mon,0,115,0
49,2022-02-07,2022-02-07T17:50:00Z,17,Mon,0,112,0
49,2022-02-07,2022-02-07T17:51:00Z,17,Mon,0,113,0
49,2022-02-07,2022-02-07T17:52:00Z,17,Mon,0,114,0
49,2022-02-07,2022-02-07T17:53:00Z,17,Mon,0,115,0
49,2022-02-07,2022-02-07T17:54:00Z,17,Mon,0,106,0
49,2022-02-07,2022-02-07T17:55:00Z,17,Mon,0,105,0
49,2022-02-07,2022-02-07T17:56:00Z,17,Mon,0,103,0
49,2022-02-07,2022-02-07T17:57:00Z,17,Mon,0,103,0
49,2022-02-07,2022-02-07T17:58:00Z,17,Mon,0,104,0
49,2022-02-07,2022-02-07T17:59:00Z,17,Mon,0,107,0
49,2022-02-07,2022-02-07T18:00:00Z,18,Mon,0,105,0
49,2022-02-07,2022-02-07T18:01:00Z,18,Mon,0,104,0
49,2022-02-07,2022-02-07T18:02:00Z,18,Mon,0,106,0
49,2022-02-07,2022-02-07T18:03:00Z,18,Mon,0,109,0
49,2022-02-07,2022-02-07T18:04:00Z,18,Mon,0,107,0
49,2022-02-07,2022-02-07T18:05:00Z,18,Mon,0,108,0
49,2022-02-07,2022-02-07T18:06:00Z,18,Mon,0,110,0
49,2022-02-07,2022-02-07T18:07:00Z,18,Mon,0,110,0
49,2022-02-07,2022-02-07T18:08:00Z,18,Mon,0,109,0
49,2022-02-07,2022-02-07T18:09:00Z,18,Mon,NA,NA,0
49,2022-02-07,2022-02-07T18:10:00Z,18,Mon,0,95,0
49,2022-02-07,2022-02-07T18:11:00Z,18,Mon,0,109,0
49,2022-02-07,2022-02-07T18:12:00Z,18,Mon,0,112,0
49,2022-02-07,2022-02-07T18:13:00Z,18,Mon,0,108,0
49,2022-02-07,2022-02-07T18:14:00Z,18,Mon,0,110,0
49,2022-02-07,2022-02-07T18:15:00Z,18,Mon,0,114,0
49,2022-02-07,2022-02-07T18:16:00Z,18,Mon,0,112,0
49,2022-02-07,2022-02-07T18:17:00Z,18,Mon,0,112,0
49,2022-02-07,2022-02-07T18:18:00Z,18,Mon,0,105,0
49,2022-02-07,2022-02-07T18:19:00Z,18,Mon,0,103,0
49,2022-02-07,2022-02-07T18:20:00Z,18,Mon,0,106,0
49,2022-02-07,2022-02-07T18:21:00Z,18,Mon,0,107,0
49,2022-02-07,2022-02-07T18:22:00Z,18,Mon,0,106,0
49,2022-02-07,2022-02-07T18:23:00Z,18,Mon,0,103,0
49,2022-02-07,2022-02-07T18:24:00Z,18,Mon,0,104,0
49,2022-02-07,2022-02-07T18:25:00Z,18,Mon,0,101,0
49,2022-02-07,2022-02-07T18:26:00Z,18,Mon,0,100,0
49,2022-02-07,2022-02-07T18:27:00Z,18,Mon,0,100,0
49,2022-02-07,2022-02-07T18:28:00Z,18,Mon,0,100,0
49,2022-02-07,2022-02-07T18:29:00Z,18,Mon,0,100,0
49,2022-02-07,2022-02-07T18:30:00Z,18,Mon,0,101,0
49,2022-02-07,2022-02-07T18:31:00Z,18,Mon,0,104,0
49,2022-02-07,2022-02-07T18:32:00Z,18,Mon,0,102,0
49,2022-02-07,2022-02-07T18:33:00Z,18,Mon,0,102,0
49,2022-02-07,2022-02-07T18:34:00Z,18,Mon,0,103,0
49,2022-02-07,2022-02-07T18:35:00Z,18,Mon,0,104,0
49,2022-02-07,2022-02-07T18:36:00Z,18,Mon,0,103,0
49,2022-02-07,2022-02-07T18:37:00Z,18,Mon,0,104,0
49,2022-02-07,2022-02-07T18:38:00Z,18,Mon,0,104,0
49,2022-02-07,2022-02-07T18:39:00Z,18,Mon,0,109,0
49,2022-02-07,2022-02-07T18:40:00Z,18,Mon,0,104,0
49,2022-02-07,2022-02-07T18:41:00Z,18,Mon,0,101,0
49,2022-02-07,2022-02-07T18:42:00Z,18,Mon,0,106,0
49,2022-02-07,2022-02-07T18:43:00Z,18,Mon,0,105,0
49,2022-02-07,2022-02-07T18:44:00Z,18,Mon,33,109,1
49,2022-02-07,2022-02-07T18:45:00Z,18,Mon,0,114,0
49,2022-02-07,2022-02-07T18:46:00Z,18,Mon,0,112,0
49,2022-02-07,2022-02-07T18:47:00Z,18,Mon,0,112,0
49,2022-02-07,2022-02-07T18:48:00Z,18,Mon,0,111,0
49,2022-02-07,2022-02-07T18:49:00Z,18,Mon,0,111,0
49,2022-02-07,2022-02-07T18:50:00Z,18,Mon,0,109,0
49,2022-02-07,2022-02-07T18:51:00Z,18,Mon,0,109,0
49,2022-02-07,2022-02-07T18:52:00Z,18,Mon,0,112,0
49,2022-02-07,2022-02-07T18:53:00Z,18,Mon,0,116,0
49,2022-02-07,2022-02-07T18:54:00Z,18,Mon,0,111,0
49,2022-02-07,2022-02-07T18:55:00Z,18,Mon,0,107,0
49,2022-02-07,2022-02-07T18:56:00Z,18,Mon,0,108,0
49,2022-02-07,2022-02-07T18:57:00Z,18,Mon,0,109,0
49,2022-02-07,2022-02-07T18:58:00Z,18,Mon,0,109,0
49,2022-02-07,2022-02-07T18:59:00Z,18,Mon,0,107,0
49,2022-02-07,2022-02-07T19:00:00Z,19,Mon,0,117,0
49,2022-02-07,2022-02-07T19:01:00Z,19,Mon,0,113,0
49,2022-02-07,2022-02-07T19:02:00Z,19,Mon,0,110,0
49,2022-02-07,2022-02-07T19:03:00Z,19,Mon,0,109,0
49,2022-02-07,2022-02-07T19:04:00Z,19,Mon,0,109,0
49,2022-02-07,2022-02-07T19:05:00Z,19,Mon,0,108,0
49,2022-02-07,2022-02-07T19:06:00Z,19,Mon,0,109,0
49,2022-02-07,2022-02-07T19:07:00Z,19,Mon,0,109,0
49,2022-02-07,2022-02-07T19:08:00Z,19,Mon,0,107,0
49,2022-02-07,2022-02-07T19:09:00Z,19,Mon,0,104,0
49,2022-02-07,2022-02-07T19:10:00Z,19,Mon,0,102,0
49,2022-02-07,2022-02-07T19:11:00Z,19,Mon,0,95,0
49,2022-02-07,2022-02-07T19:12:00Z,19,Mon,0,103,0
49,2022-02-07,2022-02-07T19:13:00Z,19,Mon,0,107,0
49,2022-02-07,2022-02-07T19:14:00Z,19,Mon,0,106,0
49,2022-02-07,2022-02-07T19:15:00Z,19,Mon,0,106,0
49,2022-02-07,2022-02-07T19:16:00Z,19,Mon,0,106,0
49,2022-02-07,2022-02-07T19:17:00Z,19,Mon,0,107,0
49,2022-02-07,2022-02-07T19:18:00Z,19,Mon,0,105,0
49,2022-02-07,2022-02-07T19:19:00Z,19,Mon,0,108,0
49,2022-02-07,2022-02-07T19:20:00Z,19,Mon,0,109,0
49,2022-02-07,2022-02-07T19:21:00Z,19,Mon,0,105,0
49,2022-02-07,2022-02-07T19:22:00Z,19,Mon,0,109,0
49,2022-02-07,2022-02-07T19:23:00Z,19,Mon,0,111,0
49,2022-02-07,2022-02-07T19:24:00Z,19,Mon,0,109,0
49,2022-02-07,2022-02-07T19:25:00Z,19,Mon,0,107,0
49,2022-02-07,2022-02-07T19:26:00Z,19,Mon,0,107,0
49,2022-02-07,2022-02-07T19:27:00Z,19,Mon,0,111,0
49,2022-02-07,2022-02-07T19:28:00Z,19,Mon,0,110,0
49,2022-02-07,2022-02-07T19:29:00Z,19,Mon,0,107,0
49,2022-02-07,2022-02-07T19:30:00Z,19,Mon,0,109,0
49,2022-02-07,2022-02-07T19:31:00Z,19,Mon,0,107,0
49,2022-02-07,2022-02-07T19:32:00Z,19,Mon,0,107,0
49,2022-02-07,2022-02-07T19:33:00Z,19,Mon,0,108,0
49,2022-02-07,2022-02-07T19:34:00Z,19,Mon,0,106,0
49,2022-02-07,2022-02-07T19:35:00Z,19,Mon,0,113,0
49,2022-02-07,2022-02-07T19:36:00Z,19,Mon,0,109,0
49,2022-02-07,2022-02-07T19:37:00Z,19,Mon,0,112,0
49,2022-02-07,2022-02-07T19:38:00Z,19,Mon,0,111,0
49,2022-02-07,2022-02-07T19:39:00Z,19,Mon,0,111,0
49,2022-02-07,2022-02-07T19:40:00Z,19,Mon,0,108,0
49,2022-02-07,2022-02-07T19:41:00Z,19,Mon,0,106,0
49,2022-02-07,2022-02-07T19:42:00Z,19,Mon,0,104,0
49,2022-02-07,2022-02-07T19:43:00Z,19,Mon,0,100,0
49,2022-02-07,2022-02-07T19:44:00Z,19,Mon,0,106,0
49,2022-02-07,2022-02-07T19:45:00Z,19,Mon,0,104,0
49,2022-02-07,2022-02-07T19:46:00Z,19,Mon,0,103,0
49,2022-02-07,2022-02-07T19:47:00Z,19,Mon,0,102,0
49,2022-02-07,2022-02-07T19:48:00Z,19,Mon,0,99,0
49,2022-02-07,2022-02-07T19:49:00Z,19,Mon,0,110,0
49,2022-02-07,2022-02-07T19:50:00Z,19,Mon,0,109,0
49,2022-02-07,2022-02-07T19:51:00Z,19,Mon,0,110,0
49,2022-02-07,2022-02-07T19:52:00Z,19,Mon,0,112,0
49,2022-02-07,2022-02-07T19:53:00Z,19,Mon,0,113,0
49,2022-02-07,2022-02-07T19:54:00Z,19,Mon,0,113,0
49,2022-02-07,2022-02-07T19:55:00Z,19,Mon,0,111,0
49,2022-02-07,2022-02-07T19:56:00Z,19,Mon,0,109,0
49,2022-02-07,2022-02-07T19:57:00Z,19,Mon,0,105,0
49,2022-02-07,2022-02-07T19:58:00Z,19,Mon,0,107,0
49,2022-02-07,2022-02-07T19:59:00Z,19,Mon,0,108,0
